subestacion,provincia,municipio,nombre_del_gestor,utm_x,utm_y,distancia_a2_km,pk_centro_tramo_a2,capacidad_disponible_mw,nivel_de_tension_kv
SEC_EPILA,Zaragoza,Épila,EDISTRIBUCIÓN REDES DIGITALES S.L.U.,650014.47,4601769.53,0.055813755155394246,292.5555,0.0,45
GALLEGO,Zaragoza,Zaragoza,EDISTRIBUCIÓN REDES DIGITALES S.L.U.,679036.22,4616196.78,0.05739219327395628,323.75,0.0,45
ALCALA II,Madrid,Alcalá de Henares,"UFD DISTRIBUCIÓN ELECTRICIDAD, SA",472918.34,4484520.59,0.07848311352187677,34.7,0.0,132
EL COTO,Madrid,Madrid,"UFD DISTRIBUCIÓN ELECTRICIDAD, SA",445438.5,4477920.68,0.08094974648648577,8.0,0.0,15
LA_ALMUNIA,Zaragoza,"Almunia de Doña Godina, La",EDISTRIBUCIÓN REDES DIGITALES S.L.U.,636994.39,4594597.52,0.09183885766362306,273.5,0.0,132
LA_MUELA,Zaragoza,"Muela, La",EDISTRIBUCIÓN REDES DIGITALES S.L.U.,659023.4,4605646.45,0.1078467878645969,303.7395,0.0,45
GLORIA,Zaragoza,Zaragoza,EDISTRIBUCIÓN REDES DIGITALES S.L.U.,683084.63,4614722.97,0.11339067975387522,328.7,0.0,45
ST ALCALA,Madrid,Alcalá de Henares,"i-DE REDES ELÉCTRICAS INTELIGENTES, S.A.U",468127.95,4483398.58,0.11480736886232942,29.55,0.0,132
SAN FERNANDO,Madrid,Coslada,"UFD DISTRIBUCIÓN ELECTRICIDAD, SA",454660.77,4477316.1,0.13747516923194156,15.8,0.0,45
PLAZA,Zaragoza,Zaragoza,EDISTRIBUCIÓN REDES DIGITALES S.L.U.,666813.86,4610632.17,0.18804784889175202,310.75,0.0,132
SEO,Barcelona,Martorell,EDISTRIBUCIÓN REDES DIGITALES S.L.U.,910141.69,4605653.58,0.1903728953428235,585.7,0.0,110
MALPICA,Zaragoza,"Puebla de Alfindén, La",EDISTRIBUCIÓN REDES DIGITALES S.L.U.,685967.84,4612901.5,0.239513720812027,334.85,0.0,132
SE EL SABINAR,Zaragoza,Épila,HIDROCANTÁBRICO DISTRIBUCIÓN ELÉCTRICA S.A.U,649697.0,4601957.2,0.24102537554914338,292.5555,0.0,132
PUENTE DE SAN FERNANDO,Madrid,San Fernando de Henares,"UFD DISTRIBUCIÓN ELECTRICIDAD, SA",456397.7,4477786.66,0.2517061461512429,17.266,0.0,45
CALATAYUD,Zaragoza,Calatayud,EDISTRIBUCIÓN REDES DIGITALES S.L.U.,613606.12,4576461.09,0.2536163964019381,234.6,0.0,132
ST TALES MILETO,Madrid,Alcalá de Henares,"i-DE REDES ELÉCTRICAS INTELIGENTES, S.A.U",466670.32,4482477.82,0.25827513286048526,29.55,0.0,132
ARIZA,Zaragoza,Ariza,EDISTRIBUCIÓN REDES DIGITALES S.L.U.,579952.94,4574078.22,0.25962522724287057,196.15,0.0,45
SEC_CABLEN,Zaragoza,Zaragoza,EDISTRIBUCIÓN REDES DIGITALES S.L.U.,685071.54,4613765.5,0.2624102609475919,334.85,0.0,45
ARCOS DEL JALON,Soria,Arcos de Jalón,"UFD DISTRIBUCIÓN ELECTRICIDAD, SA",559710.71,4562277.86,0.2668297299946472,161.7,0.0,66
FRAGA,Huesca,Fraga,EDISTRIBUCIÓN REDES DIGITALES S.L.U.,777217.43,4600892.72,0.2747279124194509,434.45,0.0,110
R.BUBIERCA,Zaragoza,Bubierca,EDISTRIBUCIÓN REDES DIGITALES S.L.U.,595808.52,4574614.78,0.32871965942251075,214.05,0.0,45
CASTELLBIS,Barcelona,Castellbisbal,EDISTRIBUCIÓN REDES DIGITALES S.L.U.,916566.82,4600236.47,0.33825134618821523,594.75,10.26,25
CERVERA,Lleida,Cervera,EDISTRIBUCIÓN REDES DIGITALES S.L.U.,857171.03,4623213.23,0.3419592491909558,522.0,0.0,110
FUENTE LA NIÑA,Guadalajara,Guadalajara,"UFD DISTRIBUCIÓN ELECTRICIDAD, SA",486424.95,4496421.3,0.36435835022398977,56.4025,0.0,132
JARANDIN,Zaragoza,Zaragoza,EDISTRIBUCIÓN REDES DIGITALES S.L.U.,679923.12,4615696.05,0.3792156258452765,326.0,0.0,45
PLFRAGA,Huesca,Fraga,EDISTRIBUCIÓN REDES DIGITALES S.L.U.,783340.66,4603595.38,0.393329335613614,440.5,0.0,110
ATECA,Zaragoza,Ateca,EDISTRIBUCIÓN REDES DIGITALES S.L.U.,601122.39,4575467.55,0.3961908273702546,221.9,0.0,45
ARAGON,Madrid,Madrid,"UFD DISTRIBUCIÓN ELECTRICIDAD, SA",452925.56,4477340.35,0.4226153842037858,12.45,0.0,45
EXPO,Zaragoza,Zaragoza,EDISTRIBUCIÓN REDES DIGITALES S.L.U.,674847.17,4615959.66,0.4487877126929943,319.8,0.0,132
REJAS,Madrid,Madrid,"UFD DISTRIBUCIÓN ELECTRICIDAD, SA",453092.89,4478227.69,0.47930986077564064,12.45,0.0,45
REN.F.MUES,Zaragoza,Zaragoza,EDISTRIBUCIÓN REDES DIGITALES S.L.U.,667433.85,4610088.31,0.5444946677745655,310.75,0.0,45
MEDIAVEGA,Zaragoza,Calatayud,EDISTRIBUCIÓN REDES DIGITALES S.L.U.,615194.94,4579153.46,0.5584747428329243,234.6,0.0,45
BELL-LLOC,Lleida,Bell-lloc d'Urgell,EDISTRIBUCIÓN REDES DIGITALES S.L.U.,814590.75,4617216.09,0.597913193312752,473.9,0.0,110
ARCOSUR,Zaragoza,Zaragoza,EDISTRIBUCIÓN REDES DIGITALES S.L.U.,669545.88,4611392.85,0.6208164452208377,313.45,0.0,132
ABRERA,Barcelona,Abrera,EDISTRIBUCIÓN REDES DIGITALES S.L.U.,908521.03,4606693.55,0.6607039201320654,583.3,0.0,25
F_MUESTRAS,Zaragoza,Zaragoza,EDISTRIBUCIÓN REDES DIGITALES S.L.U.,668182.65,4610245.2,0.6700971977029165,310.75,0.0,45
HOSPITALET,Barcelona,"Hospitalet de Llobregat, L'",EDISTRIBUCIÓN REDES DIGITALES S.L.U.,926700.89,4589786.2,0.6901168139566954,609.895,0.0,110
ST ALOVERA,Guadalajara,Alovera,"i-DE REDES ELÉCTRICAS INTELIGENTES, S.A.U",479370.58,4492555.01,0.7659867079704581,45.65,0.0,132
ST TORIJA,Guadalajara,Torija,"i-DE REDES ELÉCTRICAS INTELIGENTES, S.A.U",497599.11,4511899.14,0.767235194177825,77.95,0.0,132
MERCADONA,Barcelona,Abrera,EDISTRIBUCIÓN REDES DIGITALES S.L.U.,908334.22,4606697.06,0.810255563412783,583.3,0.0,110
LAS MERCEDES,Madrid,Madrid,"UFD DISTRIBUCIÓN ELECTRICIDAD, SA",450264.45,4477022.35,0.8328402342339171,12.45,0.0,45
CENTROVIA,Zaragoza,"Muela, La",EDISTRIBUCIÓN REDES DIGITALES S.L.U.,659418.75,4608008.88,0.9292681294022997,303.7395,0.0,132
SILS,Girona,Sils,EDISTRIBUCIÓN REDES DIGITALES S.L.U.,977937.59,4644209.87,0.9963472068288786,696.0999999999999,0.0,110
GUADALAJARA,Guadalajara,Guadalajara,"UFD DISTRIBUCIÓN ELECTRICIDAD, SA",485000.93,4498444.62,1.0344421654926212,52.6025,0.0,132
ST TOROTE,Madrid,Torrejón de Ardoz,"i-DE REDES ELÉCTRICAS INTELIGENTES, S.A.U",463554.42,4481068.09,1.0493954264602403,25.6,0.0,132
MOLLERUSSA,Lleida,Mollerussa,EDISTRIBUCIÓN REDES DIGITALES S.L.U.,823957.96,4616278.01,1.0616090825569997,488.29999999999995,0.0,110
CITIPAL,Madrid,Coslada,"UFD DISTRIBUCIÓN ELECTRICIDAD, SA",452920.29,4476692.89,1.0645983339143936,12.45,0.0,45
SAICA_I,Zaragoza,Zaragoza,EDISTRIBUCIÓN REDES DIGITALES S.L.U.,677494.36,4615342.26,1.0660822040418263,323.75,0.0,45
COGULLADA,Zaragoza,Zaragoza,EDISTRIBUCIÓN REDES DIGITALES S.L.U.,677904.96,4615271.88,1.1425917061167519,323.75,0.0,45
TARREGA,Lleida,Tàrrega,EDISTRIBUCIÓN REDES DIGITALES S.L.U.,844040.59,4621553.43,1.1895316935515317,508.2,0.0,110
ANOIA,Barcelona,Vilanova del Camí,EDISTRIBUCIÓN REDES DIGITALES S.L.U.,889118.85,4613349.42,1.2018776678873464,560.2,0.26,25
ACTUR,Zaragoza,Zaragoza,EDISTRIBUCIÓN REDES DIGITALES S.L.U.,675798.19,4615124.79,1.2581784819992696,319.8,0.0,45
EL_FRASNO,Zaragoza,"Frasno, El",EDISTRIBUCIÓN REDES DIGITALES S.L.U.,624740.09,4587532.99,1.2648237908500515,257.0,0.0,45
LOS_LEONES,Zaragoza,Zaragoza,EDISTRIBUCIÓN REDES DIGITALES S.L.U.,676978.43,4617673.06,1.2719564129248322,323.75,0.0,132
LLOBREGAT,Barcelona,Barcelona,EDISTRIBUCIÓN REDES DIGITALES S.L.U.,927079.12,4588647.96,1.2806945235262166,609.895,0.0,110
S.JOAN.DES,Barcelona,Sant Joan Despí,EDISTRIBUCIÓN REDES DIGITALES S.L.U.,923790.66,4591544.21,1.3188508713215226,605.6,0.0,110
ALCALA I,Madrid,Alcalá de Henares,"UFD DISTRIBUCIÓN ELECTRICIDAD, SA",467283.92,4480837.0,1.338251630647956,25.6,0.0,132
RIOEBRO,Zaragoza,Zaragoza,EDISTRIBUCIÓN REDES DIGITALES S.L.U.,674144.47,4615124.61,1.3684357671793508,319.8,0.0,45
LLEIDA,Lleida,Lleida,EDISTRIBUCIÓN REDES DIGITALES S.L.U.,805199.81,4615397.17,1.4347260999254812,469.05,0.0,110
CR_MADRID,Zaragoza,Zaragoza,EDISTRIBUCIÓN REDES DIGITALES S.L.U.,670914.86,4612116.29,1.4456816563878296,313.45,0.0,45
LOGISTICA,Zaragoza,Zaragoza,EDISTRIBUCIÓN REDES DIGITALES S.L.U.,667699.15,4612675.86,1.4682767114787618,313.45,0.0,45
CR CTRA MADRID,Zaragoza,Zaragoza,HIDROCANTÁBRICO DISTRIBUCIÓN ELÉCTRICA S.A.U,670932.8,4612095.7,1.472569128010229,313.45,0.0,15
S.FELIU,Barcelona,Sant Feliu de Llobregat,EDISTRIBUCIÓN REDES DIGITALES S.L.U.,921014.42,4594952.03,1.5279877672647437,602.9,0.0,66
JUSLIBOL,Zaragoza,Zaragoza,EDISTRIBUCIÓN REDES DIGITALES S.L.U.,675266.43,4617981.33,1.6057730447751402,319.8,0.0,45
CERVELLO,Barcelona,Cervelló,EDISTRIBUCIÓN REDES DIGITALES S.L.U.,917090.43,4595931.51,1.611255297085649,600.25,0.0,25
CAMPO NACIONES NUEVO,Madrid,Madrid,"UFD DISTRIBUCIÓN ELECTRICIDAD, SA",447324.68,4479500.5,1.6532456294606817,8.0,0.0,45
MALLORCA,Zaragoza,Zaragoza,EDISTRIBUCIÓN REDES DIGITALES S.L.U.,678623.07,4614646.04,1.6582456021132264,323.75,0.0,45
CANILLEJAS,Madrid,Madrid,"UFD DISTRIBUCIÓN ELECTRICIDAD, SA",447895.02,4476186.24,1.6584397072000225,8.0,0.0,45
FORNELLS,Girona,Fornells de la Selva,EDISTRIBUCIÓN REDES DIGITALES S.L.U.,980429.57,4659516.24,1.6981527247738801,708.2495,0.0,132
SIMANCAS,Madrid,Madrid,"UFD DISTRIBUCIÓN ELECTRICIDAD, SA",446516.28,4475957.93,1.8338504217188891,8.0,0.0,15
MORATA,Zaragoza,Morata de Jalón,EDISTRIBUCIÓN REDES DIGITALES S.L.U.,626332.93,4592305.84,1.87242559772877,264.9,0.0,45
AUGUSTA,Zaragoza,Zaragoza,EDISTRIBUCIÓN REDES DIGITALES S.L.U.,673503.41,4613993.41,1.9027777337211298,317.2375,0.0,45
PROSPERIDAD,Madrid,Madrid,"UFD DISTRIBUCIÓN ELECTRICIDAD, SA",443470.94,4477110.02,2.0570476205892447,8.0,0.0,15
VALENZUELA,Zaragoza,Zaragoza,EDISTRIBUCIÓN REDES DIGITALES S.L.U.,665977.75,4612343.39,2.0863741427009352,309.13250000000005,0.0,45
ST MECO,Madrid,Meco,"i-DE REDES ELÉCTRICAS INTELIGENTES, S.A.U",473418.12,4487818.09,2.1390668087986855,34.7,0.0,132
CAMPILLO,Zaragoza,Zaragoza,EDISTRIBUCIÓN REDES DIGITALES S.L.U.,669480.19,4609076.5,2.1940330282824356,313.45,0.0,132
CONCEPCION,Madrid,Madrid,"UFD DISTRIBUCIÓN ELECTRICIDAD, SA",444132.81,4476048.73,2.1955956701433563,8.0,0.0,45
MANUEL BECERRA,Madrid,Madrid,"UFD DISTRIBUCIÓN ELECTRICIDAD, SA",443955.15,4476165.42,2.2120062423820404,8.0,0.61,15
CR BEETHOVEN 8,Zaragoza,Zaragoza,HIDROCANTÁBRICO DISTRIBUCIÓN ELÉCTRICA S.A.U,671141.3,4611146.2,2.230182895776423,313.45,0.0,15
ELEV_AGUAS,Zaragoza,Zaragoza,EDISTRIBUCIÓN REDES DIGITALES S.L.U.,675556.96,4614142.91,2.2354665692947204,319.8,0.0,45
S.BOI,Barcelona,Sant Boi de Llobregat,EDISTRIBUCIÓN REDES DIGITALES S.L.U.,921844.47,4588326.94,2.2790658269771362,608.1500000000001,0.0,110
ST ARDOZ NUEVA,Madrid,Torrejón de Ardoz,"i-DE REDES ELÉCTRICAS INTELIGENTES, S.A.U",459066.61,4477002.72,2.3280830663094063,18.916,0.0,132
PARACUEL,Zaragoza,Paracuellos de Jiloca,EDISTRIBUCIÓN REDES DIGITALES S.L.U.,615367.9,4574944.45,2.3334104247730996,234.6,0.0,132
BARRIO DE BILBAO,Madrid,Madrid,"UFD DISTRIBUCIÓN ELECTRICIDAD, SA",445115.63,4475489.1,2.362751196648958,8.0,0.0,45
ALHAMA,Zaragoza,Alhama de Aragón,EDISTRIBUCIÓN REDES DIGITALES S.L.U.,592203.81,4571605.05,2.3739780483149184,207.25,0.0,45
MARTORELL,Barcelona,Martorell,EDISTRIBUCIÓN REDES DIGITALES S.L.U.,909781.95,4603234.99,2.3806168300684276,589.6,0.0,110
ST CHAMARTIN,Madrid,Madrid,"i-DE REDES ELÉCTRICAS INTELIGENTES, S.A.U",443330.0,4479135.6,2.4301645703394734,8.0,0.0,132
ST C-CAMPO-AIR LIQUI,Guadalajara,Cabanillas del Campo,"i-DE REDES ELÉCTRICAS INTELIGENTES, S.A.U",479341.26,4495711.59,2.56295066082064,48.9,0.0,132
ST FTE ALCARRIA ID,Guadalajara,Brihuega,"i-DE REDES ELÉCTRICAS INTELIGENTES, S.A.U",501471.31,4510825.9,2.7087444410522807,77.95,0.0,132
NUEZ,Zaragoza,Alfajarín,EDISTRIBUCIÓN REDES DIGITALES S.L.U.,694048.98,4607332.13,2.801318781852218,339.65,0.0,45
CHILOECHES,Guadalajara,Chiloeches,"UFD DISTRIBUCIÓN ELECTRICIDAD, SA",483060.5,4491516.7,2.8407204551892695,45.65,0.0,132
BARAJAS,Madrid,Madrid,"UFD DISTRIBUCIÓN ELECTRICIDAD, SA",450333.14,4480697.33,2.8417799676030286,12.45,0.0,45
ST VILLANUEVA DE LA TORRE,Guadalajara,Villanueva de la Torre,"i-DE REDES ELÉCTRICAS INTELIGENTES, S.A.U",476199.48,4491949.84,2.849049588226174,42.8,0.0,132
PORTILLO,Zaragoza,Zaragoza,EDISTRIBUCIÓN REDES DIGITALES S.L.U.,675217.38,4613478.33,2.897084237967977,319.8,0.0,132
ST HENARES,Madrid,San Fernando de Henares,"i-DE REDES ELÉCTRICAS INTELIGENTES, S.A.U",457710.82,4475462.73,2.904830561862512,17.266,0.0,132
PIEROLA,Barcelona,"Hostalets de Pierola, Els",EDISTRIBUCIÓN REDES DIGITALES S.L.U.,903011.54,4608106.52,2.949053590825685,577.95,0.0,110
COSLADA,Madrid,Coslada,"UFD DISTRIBUCIÓN ELECTRICIDAD, SA",451236.93,4474811.89,3.020472843677137,12.45,0.0,45
I.N.T.A.,Madrid,Ajalvir,"UFD DISTRIBUCIÓN ELECTRICIDAD, SA",460391.56,4482723.05,3.026185514846153,22.35,0.0,45
LLEIDA EST,Lleida,Lleida,ELECTRA REDENERGIA SL,805615.25,4613257.61,3.027650925116392,469.05,73.7,132
MAGRANERS,Lleida,Lleida,EDISTRIBUCIÓN REDES DIGITALES S.L.U.,805636.23,4613191.38,3.0814974419987475,469.05,0.0,132
HORTALEZA,Madrid,Madrid,"UFD DISTRIBUCIÓN ELECTRICIDAD, SA",443698.25,4480440.46,3.0961580113831535,8.0,9.35,45
UNIVERSITA,Zaragoza,Zaragoza,EDISTRIBUCIÓN REDES DIGITALES S.L.U.,673879.42,4612490.0,3.1235183326226874,315.7875,0.0,132
MOTORS,Barcelona,Barcelona,EDISTRIBUCIÓN REDES DIGITALES S.L.U.,929279.11,4589813.23,3.2071211286482897,609.895,0.0,25
ST CABANILLAS CAMPO,Guadalajara,Cabanillas del Campo,"i-DE REDES ELÉCTRICAS INTELIGENTES, S.A.U",478751.6,4496171.87,3.3079982390422464,48.9,0.0,132
RUBI,Barcelona,Rubí,EDISTRIBUCIÓN REDES DIGITALES S.L.U.,918379.31,4603442.73,3.3559250642879994,593.0,0.0,66
AEROPORT,Barcelona,"Prat de Llobregat, El",EDISTRIBUCIÓN REDES DIGITALES S.L.U.,927240.9,4586287.23,3.3773999567464297,609.895,0.0,25
ST GUADALAJARA,Guadalajara,Guadalajara,"i-DE REDES ELÉCTRICAS INTELIGENTES, S.A.U",484750.88,4500889.59,3.449318181777626,52.6025,0.0,132
SEGRIA,Lleida,Benavent de Segrià,EDISTRIBUCIÓN REDES DIGITALES S.L.U.,800832.82,4622239.14,3.4801346543190546,462.5,0.0,110
HUERVA,Zaragoza,Zaragoza,EDISTRIBUCIÓN REDES DIGITALES S.L.U.,677161.11,4612903.45,3.4994897971042223,323.75,0.0,45
IBERCAJA,Zaragoza,Zaragoza,EDISTRIBUCIÓN REDES DIGITALES S.L.U.,676186.53,4612774.65,3.612781787233126,322.15,0.0,45
PARAISO,Zaragoza,Zaragoza,EDISTRIBUCIÓN REDES DIGITALES S.L.U.,676027.3,4612750.28,3.6350128867970373,319.8,0.0,45
CM. EDAR,Girona,Celrà,"ELECTRICITAT LA AURORA, SLU",986085.38,4670844.11,3.6469229074487437,730.55,0.0,25
ARAGONIA,Zaragoza,Zaragoza,EDISTRIBUCIÓN REDES DIGITALES S.L.U.,674138.69,4611924.98,3.696065543795581,315.7875,0.0,45
PINAR,Madrid,Madrid,"UFD DISTRIBUCIÓN ELECTRICIDAD, SA",444384.88,4481437.57,3.7278826394147924,8.0,0.0,45
BARRIO DEL JARAMA,Madrid,Coslada,"UFD DISTRIBUCIÓN ELECTRICIDAD, SA",454106.91,4473753.87,3.7419348824228575,15.8,0.0,45
SANTS,Barcelona,"Hospitalet de Llobregat, L'",EDISTRIBUCIÓN REDES DIGITALES S.L.U.,928505.75,4592343.8,3.758943376091536,609.895,0.0,110
COLLBLANC,Barcelona,"Hospitalet de Llobregat, L'",EDISTRIBUCIÓN REDES DIGITALES S.L.U.,927025.21,4593130.55,3.762425470684206,609.895,0.0,110
SAN BLAS,Madrid,Madrid,"UFD DISTRIBUCIÓN ELECTRICIDAD, SA",447324.74,4474068.57,3.7728175059980447,8.0,0.0,45
COR_INGLES,Zaragoza,Zaragoza,EDISTRIBUCIÓN REDES DIGITALES S.L.U.,676180.24,4612543.43,3.843758147473143,322.15,0.0,45
CERDA,Barcelona,Barcelona,EDISTRIBUCIÓN REDES DIGITALES S.L.U.,929957.91,4589598.99,3.869124741224485,609.895,0.0,25
VILADECANS,Barcelona,Viladecans,EDISTRIBUCIÓN REDES DIGITALES S.L.U.,920868.0,4587071.06,3.869861519145169,608.1500000000001,12.98,66
S.JUST,Barcelona,Sant Just Desvern,EDISTRIBUCIÓN REDES DIGITALES S.L.U.,924720.61,4594763.4,3.878901814567187,605.6,0.0,66
EMBID,Zaragoza,Calatayud,EDISTRIBUCIÓN REDES DIGITALES S.L.U.,616185.98,4584217.57,3.878999303989698,242.98899999999998,0.0,45
MIRAFLORES,Zaragoza,Zaragoza,EDISTRIBUCIÓN REDES DIGITALES S.L.U.,676744.55,4612472.33,3.9250848600745543,323.75,0.0,132
PORTILLADA,Zaragoza,"Muela, La",EDISTRIBUCIÓN REDES DIGITALES S.L.U.,653561.8,4606115.96,3.9370161307561884,292.5555,0.0,132
MONZALBARB,Zaragoza,Zaragoza,EDISTRIBUCIÓN REDES DIGITALES S.L.U.,668802.96,4617560.66,3.997023885554817,317.2375,0.0,45
ST LA ESTRELLA PM,Madrid,Madrid,"i-DE REDES ELÉCTRICAS INTELIGENTES, S.A.U",443518.13,4474301.1,4.011052251007492,8.0,29.43,132
ECOCIUDAD,Zaragoza,Zaragoza,EDISTRIBUCIÓN REDES DIGITALES S.L.U.,672400.64,4609339.78,4.053077240564365,313.45,0.0,132
S.MARGARID,Barcelona,Santa Margarida de Montbui,EDISTRIBUCIÓN REDES DIGITALES S.L.U.,883470.8,4610560.3,4.061831012890342,551.6,0.0,110
PRAT,Barcelona,"Prat de Llobregat, El",EDISTRIBUCIÓN REDES DIGITALES S.L.U.,929244.37,4586898.98,4.064034235043074,609.895,0.0,110
XIRGU,Girona,Girona,EDISTRIBUCIÓN REDES DIGITALES S.L.U.,980991.38,4661868.34,4.080833492912101,708.2495,0.0,110
ROMAREDA,Zaragoza,Zaragoza,EDISTRIBUCIÓN REDES DIGITALES S.L.U.,674324.04,4611546.93,4.095237066910577,315.7875,0.0,45
VALDEBEBAS,Madrid,Madrid,"UFD DISTRIBUCIÓN ELECTRICIDAD, SA",448824.59,4481976.44,4.095299108297966,8.0,0.0,45
OLIVERA,Zaragoza,Zaragoza,EDISTRIBUCIÓN REDES DIGITALES S.L.U.,678541.43,4612106.42,4.167431237141399,326.0,0.0,45
NUEVOS MINISTERIOS,Madrid,Madrid,"UFD DISTRIBUCIÓN ELECTRICIDAD, SA",441230.62,4477429.66,4.181401507901847,8.0,0.0,45
SALAMANCA,Madrid,Madrid,"UFD DISTRIBUCIÓN ELECTRICIDAD, SA",442230.25,4475099.18,4.188889065380441,8.0,0.0,45
POLIGONO 38,Madrid,Madrid,"UFD DISTRIBUCIÓN ELECTRICIDAD, SA",444370.65,4473745.41,4.2276154137238,8.0,4.4,45
S.C.OLORDE,Barcelona,Barcelona,EDISTRIBUCIÓN REDES DIGITALES S.L.U.,922924.76,4597364.04,4.2315096644829975,600.25,0.0,25
AZCA,Madrid,Madrid,"UFD DISTRIBUCIÓN ELECTRICIDAD, SA",441127.68,4478241.02,4.281432016862546,8.0,0.0,15
ALCOHETE,Guadalajara,Yebes,"UFD DISTRIBUCIÓN ELECTRICIDAD, SA",489592.09,4493337.12,4.428748841219458,56.4025,0.0,45
CANJARDI,Barcelona,Rubí,EDISTRIBUCIÓN REDES DIGITALES S.L.U.,919488.18,4603650.68,4.440973541745156,593.0,0.0,110
ST AYALA,Madrid,Madrid,"i-DE REDES ELÉCTRICAS INTELIGENTES, S.A.U",441622.33,4475418.55,4.483922842903766,8.0,0.0,132
ST SAN FELIPE,Madrid,Madrid,"i-DE REDES ELÉCTRICAS INTELIGENTES, S.A.U",441026.55,4479149.59,4.554426492129143,8.0,0.0,132
H_M_SERVET,Zaragoza,Zaragoza,EDISTRIBUCIÓN REDES DIGITALES S.L.U.,674969.71,4611528.7,4.57703365613146,315.7875,0.0,45
SERRANO,Madrid,Madrid,"UFD DISTRIBUCIÓN ELECTRICIDAD, SA",441637.19,4475107.99,4.647497037420151,8.0,0.0,45
CRM. PIRINEUS,Girona,Celrà,"ELECTRICITAT LA AURORA, SLU",986284.37,4669772.03,4.651152518507031,730.55,0.0,25
CMC PIRINEUS,Girona,Celrà,"ELECTRICITAT LA AURORA, SLU",986281.08,4669771.76,4.6519706413422535,730.55,0.0,25
CR. ORRIOLS,Girona,Celrà,"ELECTRICITAT LA AURORA, SLU",986495.54,4669711.17,4.6808947203913664,730.55,0.0,25
ZAL,Barcelona,"Prat de Llobregat, El","UFD DISTRIBUCIÓN ELECTRICIDAD, SA",929574.31,4586213.19,4.763707755813772,609.895,0.0,25
ST SANCHINARRO,Madrid,Madrid,"i-DE REDES ELÉCTRICAS INTELIGENTES, S.A.U",444018.3,4482416.94,4.7706702187792605,8.0,20.71,20
CHAMARTIN,Madrid,Madrid,"UFD DISTRIBUCIÓN ELECTRICIDAD, SA",440660.35,4478491.11,4.7741968576286595,8.0,0.0,45
PASEO DE RECOLETOS,Madrid,Madrid,"UFD DISTRIBUCIÓN ELECTRICIDAD, SA",441410.66,4475145.1,4.8113692424545995,8.0,1.26,45
CASABLANCA,Zaragoza,Zaragoza,EDISTRIBUCIÓN REDES DIGITALES S.L.U.,673921.32,4610305.95,4.8116663346484385,315.7875,0.0,132
SALT,Girona,Salt,EDISTRIBUCIÓN REDES DIGITALES S.L.U.,980762.78,4662689.15,4.87804267008623,708.2495,0.0,132
FACULTATS,Barcelona,Barcelona,EDISTRIBUCIÓN REDES DIGITALES S.L.U.,928120.97,4594022.41,4.988059438049508,609.895,0.0,25
CUARTE,Zaragoza,Zaragoza,EDISTRIBUCIÓN REDES DIGITALES S.L.U.,671811.52,4607198.02,5.026943370743648,313.45,0.0,45
ST DEPORTIVA,Madrid,Madrid,"i-DE REDES ELÉCTRICAS INTELIGENTES, S.A.U",441579.16,4481187.43,5.067737991092935,8.0,9.14,20
NORTE,Madrid,Madrid,"UFD DISTRIBUCIÓN ELECTRICIDAD, SA",440677.14,4475747.32,5.160798816773116,8.0,7.75,45
MORATALAZ,Madrid,Madrid,"UFD DISTRIBUCIÓN ELECTRICIDAD, SA",445549.07,4472591.63,5.161547502251325,8.0,0.0,45
ST PALAFOX,Madrid,Madrid,"i-DE REDES ELÉCTRICAS INTELIGENTES, S.A.U",440568.2,4475813.6,5.234376623156212,8.0,21.0,15
TORRENTE,Huesca,Torrente de Cinca,EDISTRIBUCIÓN REDES DIGITALES S.L.U.,778629.4,4595431.3,5.24917033676298,434.45,0.0,110
ST CIUDAD DEL TRANSP,Guadalajara,Marchamalo,"i-DE REDES ELÉCTRICAS INTELIGENTES, S.A.U",484252.34,4503014.81,5.339638429839256,59.2,0.0,132
CM. EL CASTELL,Girona,Sant Julià de Ramis,"ELECTRICITAT LA AURORA, SLU",984009.17,4669949.84,5.362294320069547,730.55,0.0,25
JUIA,Girona,Juià,EDISTRIBUCIÓN REDES DIGITALES S.L.U.,988598.19,4669150.98,5.428136049086298,730.55,0.0,132
SE LOS VIENTOS,Zaragoza,Muel,HIDROCANTÁBRICO DISTRIBUCIÓN ELÉCTRICA S.A.U,655291.2,4595312.0,5.461213684496786,292.5555,0.0,132
EL VANDEL,Madrid,Madrid,"UFD DISTRIBUCIÓN ELECTRICIDAD, SA",446751.73,4472320.18,5.464179470396976,8.0,0.0,45
ST OLITE,Madrid,Madrid,"i-DE REDES ELÉCTRICAS INTELIGENTES, S.A.U",439924.77,4478089.98,5.471620018237905,8.0,0.0,132
LS_VIENTOS,Zaragoza,Muel,EDISTRIBUCIÓN REDES DIGITALES S.L.U.,655361.16,4595299.31,5.483450057390529,292.5555,0.0,132
ST EL PILAR PM,Madrid,Madrid,"i-DE REDES ELÉCTRICAS INTELIGENTES, S.A.U",440609.51,4480596.52,5.515176965651867,8.0,23.54,132
SUBESTACIO SORDS,Girona,Cornellà del Terri,"ELECTRA AVELLANA, SL",981647.31,4676263.25,5.517026304074861,730.55,0.0,10
SAGUNTO,Zaragoza,Zaragoza,EDISTRIBUCIÓN REDES DIGITALES S.L.U.,676678.38,4610868.02,5.528261226206096,322.15,0.0,45
D_CARTUJA,Zaragoza,Zaragoza,EDISTRIBUCIÓN REDES DIGITALES S.L.U.,682374.11,4608685.24,5.7099373310671275,334.85,0.0,45
HOSTAFRANC,Barcelona,Barcelona,EDISTRIBUCIÓN REDES DIGITALES S.L.U.,930657.74,4592938.73,5.738882673291556,609.895,0.0,110
ZARAGOZANA,Zaragoza,Zaragoza,EDISTRIBUCIÓN REDES DIGITALES S.L.U.,679538.74,4609932.82,5.802237526198127,328.7,0.0,45
VICALVARO,Madrid,Madrid,"UFD DISTRIBUCIÓN ELECTRICIDAD, SA",448808.09,4471991.95,5.850936671197861,8.0,0.0,45
MEDIODIA,Madrid,Madrid,"UFD DISTRIBUCIÓN ELECTRICIDAD, SA",441358.15,4473479.04,5.945781155838194,8.0,0.0,15
EL_BURGO,Zaragoza,"Burgo de Ebro, El",EDISTRIBUCIÓN REDES DIGITALES S.L.U.,689260.79,4603759.74,5.9995923933732875,339.65,0.0,45
P.ESTANY,Girona,Palol de Revardit,EDISTRIBUCIÓN REDES DIGITALES S.L.U.,981921.34,4671153.51,6.058334346141699,730.55,0.0,110
LESCORTS,Barcelona,Barcelona,EDISTRIBUCIÓN REDES DIGITALES S.L.U.,929638.19,4594516.39,6.174050784984477,609.895,0.0,110
CRISTO DE RIVAS,Madrid,Rivas-Vaciamadrid,"UFD DISTRIBUCIÓN ELECTRICIDAD, SA",454691.0,4471086.0,6.360770539022472,15.8,0.0,132
PRYDES,Zaragoza,Zaragoza,EDISTRIBUCIÓN REDES DIGITALES S.L.U.,683904.66,4606568.61,6.469320288505664,334.85,0.0,45
CERRO DE LA PLATA NUEVA,Madrid,Madrid,"UFD DISTRIBUCIÓN ELECTRICIDAD, SA",442577.7,4472012.28,6.478496736319971,8.0,7.3,45
PI_EPILA,Zaragoza,Épila,EDISTRIBUCIÓN REDES DIGITALES S.L.U.,644197.56,4606031.55,6.525207030951499,282.1,0.0,45
AENA,Madrid,Alcobendas,"UFD DISTRIBUCIÓN ELECTRICIDAD, SA",449349.66,4484488.69,6.601923205089245,8.0,0.0,45
ST ARGUELLES,Madrid,Madrid,"i-DE REDES ELÉCTRICAS INTELIGENTES, S.A.U",439177.48,4475606.12,6.605641036947705,8.0,0.0,132
MONISTROL,Barcelona,Monistrol de Montserrat,EDISTRIBUCIÓN REDES DIGITALES S.L.U.,904180.01,4618850.15,6.6089513861647315,573.45,0.0,110
LOS HUEROS,Madrid,Villalbilla,"UFD DISTRIBUCIÓN ELECTRICIDAD, SA",469848.25,4475735.64,6.653701203298853,25.6,0.0,45
ALTO PALOMERAS,Madrid,Madrid,"UFD DISTRIBUCIÓN ELECTRICIDAD, SA",445375.51,4471073.47,6.68838607968041,8.0,0.0,45
ST PLAZA ESPANA,Madrid,Madrid,"i-DE REDES ELÉCTRICAS INTELIGENTES, S.A.U",439268.17,4475105.28,6.709115149243443,8.0,0.0,132
URGELL,Barcelona,Barcelona,EDISTRIBUCIÓN REDES DIGITALES S.L.U.,930378.41,4594641.21,6.722729771695533,609.895,0.0,11
VALLECAS 2,Madrid,Madrid,"UFD DISTRIBUCIÓN ELECTRICIDAD, SA",447379.81,4471104.07,6.7378261282807355,8.0,6.34,45
CAPELLADES,Barcelona,"Torre de Claramunt, La",EDISTRIBUCIÓN REDES DIGITALES S.L.U.,890435.65,4607736.06,6.796546414652563,560.2,0.0,110
VALDECON,Zaragoza,Cuarte de Huerva,EDISTRIBUCIÓN REDES DIGITALES S.L.U.,673697.48,4606473.84,6.831953104441413,313.45,0.0,132
ALUMALSA,Zaragoza,Zaragoza,EDISTRIBUCIÓN REDES DIGITALES S.L.U.,680351.06,4608489.81,6.850739705717433,328.7,0.0,45
ROSALES,Madrid,Madrid,"UFD DISTRIBUCIÓN ELECTRICIDAD, SA",438989.7,4475018.72,6.998725628594062,8.0,0.0,45
VILLANUEVA,Zaragoza,Villanueva de Gállego,EDISTRIBUCIÓN REDES DIGITALES S.L.U.,679024.35,4623385.92,7.027288649375687,323.75,0.0,132
STR EMBAJADORES,Madrid,Madrid,"i-DE REDES ELÉCTRICAS INTELIGENTES, S.A.U",440367.43,4472786.28,7.131480457004631,8.0,0.0,45
TUDOR,Zaragoza,Zaragoza,EDISTRIBUCIÓN REDES DIGITALES S.L.U.,682357.59,4606725.39,7.188136496633649,334.85,0.0,45
BASE_AEREA,Zaragoza,Zaragoza,EDISTRIBUCIÓN REDES DIGITALES S.L.U.,661418.22,4616408.1,7.22180639842149,303.7395,0.0,45
ST CIUDAD UNIVERSITA,Madrid,Madrid,"i-DE REDES ELÉCTRICAS INTELIGENTES, S.A.U",438169.99,4478887.64,7.295499608211225,8.0,0.0,132
SAN DIEGO,Madrid,Madrid,"UFD DISTRIBUCIÓN ELECTRICIDAD, SA",444196.02,4470608.37,7.327808350917694,8.0,0.0,45
LA_PAZ,Zaragoza,Zaragoza,EDISTRIBUCIÓN REDES DIGITALES S.L.U.,675539.73,4608176.21,7.374819905069832,313.45,0.0,132
PITARCO,Zaragoza,Muel,EDISTRIBUCIÓN REDES DIGITALES S.L.U.,658180.44,4594126.68,7.479094328402538,292.5555,0.0,132
MATA,Barcelona,Barcelona,EDISTRIBUCIÓN REDES DIGITALES S.L.U.,932587.08,4593208.32,7.498319432125339,609.895,0.0,110
LAS PEÑUELAS,Madrid,Madrid,"UFD DISTRIBUCIÓN ELECTRICIDAD, SA",440028.33,4472537.14,7.5474668563812894,8.0,0.0,45
MEJORADA,Madrid,Mejorada del Campo,"UFD DISTRIBUCIÓN ELECTRICIDAD, SA",459626.44,4471215.81,7.563674091521501,17.266,0.0,45
ALBATARREC,Lleida,Albatàrrec,EDISTRIBUCIÓN REDES DIGITALES S.L.U.,801992.85,4609196.57,7.570332806783583,454.79999999999995,0.0,25
MAZARREDO,Madrid,Madrid,"UFD DISTRIBUCIÓN ELECTRICIDAD, SA",438990.63,4473794.88,7.575836539187556,8.0,0.0,15
PLACETA,Girona,Sarrià de Ter,"CENTRAL ELECTRICA MITJANS,SL",982404.12,4668300.86,7.641290335362852,730.55,0.0,25
ESPARTAL,Zaragoza,"Burgo de Ebro, El",EDISTRIBUCIÓN REDES DIGITALES S.L.U.,693600.8,4601646.68,7.683675591572976,339.65,0.0,45
ST MIRASIERRA PM,Madrid,Madrid,"i-DE REDES ELÉCTRICAS INTELIGENTES, S.A.U",439209.77,4482498.37,7.735223583182667,8.0,3.48,20
ST ARGANZUELA,Madrid,Madrid,"i-DE REDES ELÉCTRICAS INTELIGENTES, S.A.U",440363.77,4471956.58,7.744848589203502,8.0,14.45,15
SEROS,Lleida,Aitona,EDISTRIBUCIÓN REDES DIGITALES S.L.U.,789059.58,4596497.14,7.793366851615475,444.729,0.0,110
PEÑAFLOR,Zaragoza,Villamayor de Gállego,EDISTRIBUCIÓN REDES DIGITALES S.L.U.,687830.13,4621382.99,7.8198649340693605,334.85,0.0,132
ST FUENCARRAL PM,Madrid,Madrid,"i-DE REDES ELÉCTRICAS INTELIGENTES, S.A.U",443189.32,4485421.83,7.887326496102909,8.0,8.32,132
ST MELANCOLICOS PM,Madrid,Madrid,"i-DE REDES ELÉCTRICAS INTELIGENTES, S.A.U",438894.52,4473248.84,7.959733232603286,8.0,25.28,132
S.E. Estacio Central,Girona,Sarrià de Ter,"CENTRAL ELECTRICA MITJANS,SL",982249.91,4667757.71,8.168500005608742,730.55,0.0,25
UTEBO,Zaragoza,Zaragoza,EDISTRIBUCIÓN REDES DIGITALES S.L.U.,665166.69,4620029.64,8.178249645549174,315.7875,0.0,45
MONTROIG,Lleida,"Plans de Sió, Els",EDISTRIBUCIÓN REDES DIGITALES S.L.U.,848449.75,4630126.2,8.178981245539497,515.1500000000001,0.0,110
PF. ENDESA,Girona,Sarrià de Ter,"CENTRAL ELECTRICA MITJANS,SL",982227.84,4667751.14,8.18682467981159,730.55,0.0,25
PUENTE PRINCESA,Madrid,Madrid,"UFD DISTRIBUCIÓN ELECTRICIDAD, SA",441157.23,4470593.36,8.399729512587172,8.0,7.65,45
RAIMAT,Lleida,Lleida,EDISTRIBUCIÓN REDES DIGITALES S.L.U.,789265.09,4620607.46,8.406267849066943,454.79999999999995,0.0,66
TORRERO,Zaragoza,Zaragoza,EDISTRIBUCIÓN REDES DIGITALES S.L.U.,678874.09,4607361.19,8.427060481878986,328.7,0.0,132
BOTORRITA,Zaragoza,Botorrita,EDISTRIBUCIÓN REDES DIGITALES S.L.U.,663458.48,4598244.56,8.429494910243612,292.5555,0.0,132
HIGUERAL,Zaragoza,"Burgo de Ebro, El",EDISTRIBUCIÓN REDES DIGITALES S.L.U.,693384.38,4600802.5,8.468893651921295,339.65,0.0,45
STR SIGUENZA,Guadalajara,Sigüenza,"i-DE REDES ELÉCTRICAS INTELIGENTES, S.A.U",529863.64,4545304.77,8.564510913454042,122.25,0.0,66
MORES,Zaragoza,Morés,EDISTRIBUCIÓN REDES DIGITALES S.L.U.,619528.0,4593558.17,8.604296477351445,257.0,0.0,45
BARRIO DE LA PAZ,Madrid,Madrid,"UFD DISTRIBUCIÓN ELECTRICIDAD, SA",442440.86,4469733.68,8.634021348571448,8.0,1.47,45
PF. GEC,Girona,Girona,"ELECTRICITAT LA AURORA, SLU",982360.25,4666326.72,8.711861090157445,708.2495,0.0,25
CM. PALOMAR,Girona,Girona,"ELECTRICITAT LA AURORA, SLU",982369.36,4666327.77,8.714851391948025,708.2495,0.0,25
CARTUJOS,Zaragoza,Zaragoza,EDISTRIBUCIÓN REDES DIGITALES S.L.U.,679853.58,4606503.41,8.890598480041545,328.7,0.0,45
S.CUGAT,Barcelona,Sant Cugat del Vallès,EDISTRIBUCIÓN REDES DIGITALES S.L.U.,923849.02,4605269.4,8.971944574739654,597.2,0.0,25
LOS BERROCALES,Madrid,Madrid,"UFD DISTRIBUCIÓN ELECTRICIDAD, SA",450574.0,4468825.0,9.026439526510405,12.45,0.0,132
LOECHES,Madrid,Loeches,"UFD DISTRIBUCIÓN ELECTRICIDAD, SA",464366.65,4470880.65,9.04169738373292,25.6,0.0,132
CM. MERKAMUEBLE,Girona,Sarrià de Ter,"ELECTRICITAT LA AURORA, SLU",981654.99,4666906.43,9.162390523895876,708.2495,0.0,25
ALFAMEN,Zaragoza,Alfamén,EDISTRIBUCIÓN REDES DIGITALES S.L.U.,647164.08,4589462.51,9.183263294867889,282.1,0.0,45
MARIA_HUER,Zaragoza,María de Huerva,EDISTRIBUCIÓN REDES DIGITALES S.L.U.,666598.5,4600030.02,9.258005998416145,303.7395,0.0,45
VILANOVA,Barcelona,Barcelona,EDISTRIBUCIÓN REDES DIGITALES S.L.U.,933315.1,4595273.35,9.270717223713252,609.895,55.96,25
TORDERA,Barcelona,Tordera,EDISTRIBUCIÓN REDES DIGITALES S.L.U.,976988.51,4632613.74,9.288493767849877,693.304,0.0,110
MERCAMADRID,Madrid,Madrid,"UFD DISTRIBUCIÓN ELECTRICIDAD, SA",444247.25,4468534.2,9.354468932661355,8.0,0.0,132
ST ANTONIO LEYVA PM,Madrid,Madrid,"i-DE REDES ELÉCTRICAS INTELIGENTES, S.A.U",439099.76,4470901.03,9.372356916504009,8.0,6.27,15
4457,Madrid,Alcobendas,"i-DE REDES ELÉCTRICAS INTELIGENTES, S.A.U",443954.63,4487254.3,9.5153072270535,8.0,0.0,66
PENITENTS,Barcelona,Barcelona,EDISTRIBUCIÓN REDES DIGITALES S.L.U.,929399.8,4598394.88,9.515922888346703,609.895,0.0,110
MUEL,Zaragoza,Muel,EDISTRIBUCIÓN REDES DIGITALES S.L.U.,659373.9,4592396.38,9.567250504506294,292.5555,0.0,45
CAMINO CONGOSTO,Madrid,Madrid,"UFD DISTRIBUCIÓN ELECTRICIDAD, SA",447809.79,4468271.6,9.573505124203182,8.0,0.0,45
ST ARROYO DE LA VEGA,Madrid,Alcobendas,"i-DE REDES ELÉCTRICAS INTELIGENTES, S.A.U",449488.9,4487498.09,9.614240552303775,8.0,4.39,20
ST DAGANZO,Madrid,Daganzo de Arriba,"i-DE REDES ELÉCTRICAS INTELIGENTES, S.A.U",459441.73,4489300.67,9.639133965533908,20.700000000000003,0.0,20
EIXAMPLE,Barcelona,Barcelona,EDISTRIBUCIÓN REDES DIGITALES S.L.U.,932117.51,4597064.37,9.70045325684058,609.895,21.42,25
BESCANO,Girona,Bescanó,EDISTRIBUCIÓN REDES DIGITALES S.L.U.,971942.55,4662502.83,9.742562355695833,708.2495,0.0,132
STR FONTANAR,Guadalajara,Fontanar,"i-DE REDES ELÉCTRICAS INTELIGENTES, S.A.U",484383.62,4510039.51,9.800642196927727,66.75,0.0,66
SAN_BRUNO,Zaragoza,Zaragoza,EDISTRIBUCIÓN REDES DIGITALES S.L.U.,680609.63,4604705.35,9.856729280628972,334.85,0.0,45
CASSA,Girona,Cassà de la Selva,EDISTRIBUCIÓN REDES DIGITALES S.L.U.,989598.68,4651350.48,9.957185571877684,703.5,0.0,110
CODONYERS,Barcelona,Cerdanyola del Vallès,EDISTRIBUCIÓN REDES DIGITALES S.L.U.,925794.88,4604394.12,10.04058767520647,597.2,0.0,25
VILLAVERDE,Madrid,Madrid,"UFD DISTRIBUCIÓN ELECTRICIDAD, SA",441413.11,4468361.15,10.287123929361272,8.0,0.0,45
STR JADRAQUE,Guadalajara,Jadraque,"i-DE REDES ELÉCTRICAS INTELIGENTES, S.A.U",506447.28,4531254.71,10.4801166000855,88.55000000000001,0.0,66
BEGUES,Barcelona,Vallirana,EDISTRIBUCIÓN REDES DIGITALES S.L.U.,910133.4,4589846.99,10.490565070935931,602.9,0.0,25
BRIHUEGA,Guadalajara,Brihuega,"UFD DISTRIBUCIÓN ELECTRICIDAD, SA",510428.36,4508268.3,10.638886939845413,77.95,0.0,45
VACIAMADRID,Madrid,Rivas-Vaciamadrid,"UFD DISTRIBUCIÓN ELECTRICIDAD, SA",455330.11,4466793.77,10.669234129381575,15.8,0.0,45
TANGER,Barcelona,Barcelona,EDISTRIBUCIÓN REDES DIGITALES S.L.U.,934118.48,4596563.01,10.716758853258154,609.895,0.0,25
MARAGALL,Barcelona,Barcelona,EDISTRIBUCIÓN REDES DIGITALES S.L.U.,932957.35,4598001.57,10.95686746354383,609.895,38.94,25
SUBIRATS,Barcelona,Subirats,EDISTRIBUCIÓN REDES DIGITALES S.L.U.,902910.89,4597407.52,11.028057017628596,585.7,0.0,25
ST ALCOBENDAS PM,Madrid,Alcobendas,"i-DE REDES ELÉCTRICAS INTELIGENTES, S.A.U",444879.56,4488883.72,11.047530580994918,8.0,9.11,20
VILLANUE_O,Zaragoza,Villanueva de Gállego,EDISTRIBUCIÓN REDES DIGITALES S.L.U.,680206.54,4627325.91,11.092983512197993,323.75,0.0,132
STR OLVIDO,Madrid,Madrid,"i-DE REDES ELÉCTRICAS INTELIGENTES, S.A.U",440595.47,4467827.82,11.10865442426172,8.0,0.0,45
LLORET,Girona,Lloret de Mar,EDISTRIBUCIÓN REDES DIGITALES S.L.U.,987782.88,4635503.24,11.116559433989734,693.304,0.0,110
ST VENTAS BATAN,Madrid,Madrid,"i-DE REDES ELÉCTRICAS INTELIGENTES, S.A.U",435424.98,4472523.61,11.299195955128937,8.0,20.55,20
STR BUENOS AIR PM,Madrid,Madrid,"i-DE REDES ELÉCTRICAS INTELIGENTES, S.A.U",436639.49,4470529.62,11.40827810618839,8.0,0.0,45
ECOGARRAF,Barcelona,Gavà,EDISTRIBUCIÓN REDES DIGITALES S.L.U.,914009.11,4583184.62,11.417711304940378,605.6,0.0,66
EGARA,Barcelona,Terrassa,EDISTRIBUCIÓN REDES DIGITALES S.L.U.,917426.82,4615415.87,11.552219532033114,583.3,0.0,110
JUNEDA,Lleida,Juneda,EDISTRIBUCIÓN REDES DIGITALES S.L.U.,819392.79,4604738.99,11.681638707558134,480.7,0.0,25
STR ALARILLA,Guadalajara,Alarilla,"i-DE REDES ELÉCTRICAS INTELIGENTES, S.A.U",490452.49,4520317.58,11.788083296245023,77.95,0.0,66
STR YUNQUERA HENARES,Guadalajara,Yunquera de Henares,"i-DE REDES ELÉCTRICAS INTELIGENTES, S.A.U",484856.5,4514200.32,11.788737566372562,66.75,0.0,66
M.FIGUERES,Barcelona,Terrassa,EDISTRIBUCIÓN REDES DIGITALES S.L.U.,920998.66,4612702.12,11.79363433033873,589.6,0.0,110
MIRADOR DEL SUR,Madrid,Rivas-Vaciamadrid,"UFD DISTRIBUCIÓN ELECTRICIDAD, SA",456428.97,4465648.47,11.915869720357266,15.8,0.0,132
ST VILLAVERDE PM,Madrid,Madrid,"i-DE REDES ELÉCTRICAS INTELIGENTES, S.A.U",443208.9,4466116.48,11.926694347771909,8.0,0.0,132
LA_JOYOSA,Zaragoza,"Joyosa, La",EDISTRIBUCIÓN REDES DIGITALES S.L.U.,661819.18,4622149.55,12.014336880033817,315.7875,0.0,45
CANBARBA,Barcelona,Terrassa,EDISTRIBUCIÓN REDES DIGITALES S.L.U.,921713.55,4612535.45,12.059656552323595,589.6,0.0,110
ST PARQUE INGENIEROS,Madrid,Madrid,"i-DE REDES ELÉCTRICAS INTELIGENTES, S.A.U",440357.59,4466870.49,12.076510961935524,8.0,0.0,15
SMR MAQUEDA,Madrid,Madrid,"i-DE REDES ELÉCTRICAS INTELIGENTES, S.A.U",435382.7,4470999.48,12.127223659738156,8.0,0.0,45
FUENTES,Zaragoza,Fuentes de Ebro,EDISTRIBUCIÓN REDES DIGITALES S.L.U.,697248.55,4598136.15,12.232063218949511,339.65,0.0,45
COG. VALDEMINGOMEZ,Madrid,Madrid,"UFD DISTRIBUCIÓN ELECTRICIDAD, SA",450641.08,4465390.75,12.458423830395631,12.45,0.0,45
BALAGUER,Lleida,Térmens,EDISTRIBUCIÓN REDES DIGITALES S.L.U.,815425.72,4629273.09,12.675438181693368,473.9,0.0,110
ST POLIGONO C,Madrid,Madrid,"i-DE REDES ELÉCTRICAS INTELIGENTES, S.A.U",435273.92,4470128.75,12.725700682991189,8.0,0.0,45
LAFORTESA,Barcelona,Calonge de Segarra,EDISTRIBUCIÓN REDES DIGITALES S.L.U.,876373.82,4630713.12,12.758734774450494,541.6500000000001,0.0,110
TERRASSA,Barcelona,Terrassa,EDISTRIBUCIÓN REDES DIGITALES S.L.U.,918687.64,4615782.3,12.763405661510738,583.3,0.0,110
CERDANYOLA,Barcelona,Cerdanyola del Vallès,EDISTRIBUCIÓN REDES DIGITALES S.L.U.,927129.66,4607255.9,12.767408830445348,597.2,0.0,110
S.MARTI,Barcelona,Barcelona,EDISTRIBUCIÓN REDES DIGITALES S.L.U.,934513.04,4599242.83,12.906374126716498,609.895,9.71,66
ST AGUACATE,Madrid,Madrid,"i-DE REDES ELÉCTRICAS INTELIGENTES, S.A.U",436455.45,4468530.69,12.909596182066831,8.0,0.0,15
SMR SAN EUSTAQUIO,Madrid,Madrid,"i-DE REDES ELÉCTRICAS INTELIGENTES, S.A.U",440415.27,4465615.49,13.2058112510724,8.0,0.0,45
STR CTRA.TOLEDO,Madrid,Leganés,"i-DE REDES ELÉCTRICAS INTELIGENTES, S.A.U",438517.27,4466276.5,13.459165461249812,8.0,0.0,45
ST ARAVACA,Madrid,Madrid,"i-DE REDES ELÉCTRICAS INTELIGENTES, S.A.U",431647.77,4479639.11,13.859486595419384,8.0,7.49,20
STR PIQUENAS,Madrid,Madrid,"i-DE REDES ELÉCTRICAS INTELIGENTES, S.A.U",434929.41,4468693.44,13.901521259788392,8.0,0.0,45
S.LLOGAIA,Girona,Santa Llogaia d'Àlguema,EDISTRIBUCIÓN REDES DIGITALES S.L.U.,990805.67,4692506.65,13.943934865314255,732.95,0.0,132
PI_FUENTES,Zaragoza,Fuentes de Ebro,EDISTRIBUCIÓN REDES DIGITALES S.L.U.,699979.06,4597767.94,13.945181632631904,339.65,0.0,45
S.ANDREU,Barcelona,Barcelona,EDISTRIBUCIÓN REDES DIGITALES S.L.U.,933567.06,4601337.95,14.032293753252693,609.895,0.0,110
STR VENTEROS,Madrid,San Sebastián de los Reyes,"i-DE REDES ELÉCTRICAS INTELIGENTES, S.A.U",451340.76,4491932.44,14.090261389466823,12.45,0.0,66
TRINITAT,Barcelona,Barcelona,EDISTRIBUCIÓN REDES DIGITALES S.L.U.,933512.83,4601557.55,14.190176692792537,609.895,0.0,25
BESOS,Barcelona,Sant Adrià de Besòs,EDISTRIBUCIÓN REDES DIGITALES S.L.U.,936975.97,4598590.83,14.205545407711165,609.895,41.28,110
ST RETAMAR,Madrid,Madrid,"i-DE REDES ELÉCTRICAS INTELIGENTES, S.A.U",438590.17,4465177.29,14.38052894195415,8.0,5.42,45
VILAMALLA,Girona,Vilamalla,EDISTRIBUCIÓN REDES DIGITALES S.L.U.,994538.87,4691642.03,14.409683346700865,732.95,0.0,132
LA POVEDA,Madrid,Arganda del Rey,"UFD DISTRIBUCIÓN ELECTRICIDAD, SA",459120.86,4463551.45,14.55742325836427,15.8,0.0,45
STR EL CARRASCAL,Madrid,Leganés,"i-DE REDES ELÉCTRICAS INTELIGENTES, S.A.U",437224.95,4465767.34,14.58177673381659,8.0,0.0,45
ILLUECA,Zaragoza,Illueca,EDISTRIBUCIÓN REDES DIGITALES S.L.U.,615262.18,4598672.05,14.598266343946266,264.9,0.0,45
PLASENCIA,Zaragoza,Plasencia de Jalón,EDISTRIBUCIÓN REDES DIGITALES S.L.U.,646889.32,4616713.52,14.87637050842601,292.5555,0.0,45
BARBERA,Barcelona,Barberà del Vallès,EDISTRIBUCIÓN REDES DIGITALES S.L.U.,929199.06,4608113.1,14.93466348744681,597.2,0.0,110
