provincia,municipio,utm_x,utm_y,subestacion,nivel_tension_kv,capacidad_disponible_mw,denominacion_punto,identificador_punto
Guadalajara,Alovera,479370.575522362,4492555.01449082,3619,132,0,ALOVERA     132.00,0025004016
Guadalajara,Alovera,479370.575522362,4492555.01449082,3619,45,0,ALOVERA     45.000,0025030721
Guadalajara,Alovera,479370.575522362,4492555.01449082,3619,20,0,ALOVERA T1  ,0319065018
Guadalajara,Alovera,479370.575522362,4492555.01449082,3619,20,0,ALOVERA T2  ,0319065020
Guadalajara,Cabanillas del Campo,478751.597898836,4496171.8717219,3267,132,0,CABANILL    132.00,0025009048
Guadalajara,Cabanillas del Campo,478751.597898836,4496171.8717219,3267,20,0,CABCAMPO T1 ,0319065046
Guadalajara,Cabanillas del Campo,478751.597898836,4496171.8717219,3267,20,0,CABCAMPO T2 ,0319065048
Guadalajara,Cabanillas del Campo,478751.597898836,4496171.8717219,3267,20,0,CABCAMPO T3 ,0319174386
Guadalajara,Cabanillas del Campo,479341.257893525,4495711.58683211,7146,132,0,AIR LIQU    132.00,0025009006
Guadalajara,Marchamalo,484252.336350341,4503014.81050043,3398,132,0,CTRANSPO    132.00,0025004331
Guadalajara,Marchamalo,484252.336350341,4503014.81050043,3398,20,0,CTRANSPO T1 ,0319497687
Guadalajara,Marchamalo,484252.336350341,4503014.81050043,3398,20,0,CTRANSPO T2 ,0319497689
Guadalajara,Brihuega,501471.313466556,4510825.89931534,3239,132,0,ALCARRIA    132.00,0025009025
Guadalajara,Galápagos,466231.982055925,4505183.31622165,3656,20,0,GALAPAGO T1 ,0319065072
Guadalajara,Galápagos,466231.982055925,4505183.31622165,3656,20,0,GALAPAGO T2 ,0319065074
Guadalajara,Galápagos,466231.982055925,4505183.31622165,3656,132,0,GALAPGOS    132.00,0025009092
Guadalajara,Guadalajara,484750.875947456,4500889.59471594,3518,132,0,GUADALAJ    132.00,0025004106
Guadalajara,Guadalajara,484750.875947456,4500889.59471594,3518,66,0,GUADALAJ   A1 66.000,0025047008
Guadalajara,Guadalajara,484750.875947456,4500889.59471594,3518,66,0,GUADALAJ   A2  66.000,0025047009
Guadalajara,Guadalajara,484750.875947456,4500889.59471594,3518,20,0,GUADALAJ T3 ,0319065085
Guadalajara,Guadalajara,484750.875947456,4500889.59471594,3518,20,0,GUADALAJ T4 ,0319065087
Guadalajara,Galápagos,471273.971870134,4506467.74250519,3813,132,0,TENEBRON    132.00,0025009056
Guadalajara,Torija,497599.107563916,4511899.14082652,3290,132,0,TORIJA      132.00,0025009167
Guadalajara,Torija,497599.107563916,4511899.14082652,3290,20,0,TORIJA T1   ,0319065223
Guadalajara,Torija,497599.107563916,4511899.14082652,3290,20,0,TORIJA T2   ,0319065225
Guadalajara,Villanueva de la Torre,476199.484796631,4491949.84219492,3373,20,0,VILTORRE T1 ,0319112606
Guadalajara,Villanueva de la Torre,476199.484796631,4491949.84219492,3373,132,0,VNVATORR    132.00,0025009620
Guadalajara,Alarilla,490452.493749073,4520317.58490484,4048,66,0,ALARILLA    66.000,0025030318
Guadalajara,Alarilla,490452.493749073,4520317.58490484,4048,20,0,ALARILLA T1 ,0319065002
Guadalajara,Fontanar,484383.621207333,4510039.50598911,4494,66,0,FONTANAR A1   66.000,0025047230
Guadalajara,Fontanar,484383.621207333,4510039.50598911,4494,20,0,FONTANAR T1 ,0319065070
Guadalajara,Fontanar,484383.621207333,4510039.50598911,4494,20,0,FONTANAR T2 ,0319520416
Guadalajara,Jadraque,506447.282919763,4531254.71458079,4147,66,0,JADRAQUE A1   66.000,0025030485
Guadalajara,Jadraque,506447.282919763,4531254.71458079,4147,20,0,JADRAQUE T1 ,0319065103
Guadalajara,Sigüenza,529863.642311232,4545304.77395447,4059,66,0,SIGUENZA   A1  66.000,0025030624
Guadalajara,Sigüenza,529863.642311232,4545304.77395447,4059,66,0,SIGUENZA   A2  66.000,0025030690
Guadalajara,Sigüenza,529863.642311232,4545304.77395447,4059,20,0,SIGUENZA T1 ,0319065191
Guadalajara,Sigüenza,529863.642311232,4545304.77395447,4059,20,0,SIGUENZA T2 ,0319065193
Guadalajara,Yunquera de Henares,484856.502100635,4514200.31937653,4195,66,0,YUNQUERA A1   66.000,0025047240
Guadalajara,Yunquera de Henares,484856.502100635,4514200.31937653,4195,20,0,YUNQUERA T1 ,0319065253
Madrid,Getafe,440377.306280231,4461702.4183405,4030,45,"1,97",SMR DIESEL A,0528046691
Madrid,Getafe,440377.306280231,4461702.4183405,4030,45,"6,17",SMR DIESEL B,0528046583
Madrid,Alcobendas,443954.627708837,4487254.2954033,4457,66,"3,1",EQUINIX     66.000,0021048020
Madrid,Getafe,440999.488322707,4462220.49416158,4023,45,"25,73",SMR HERRER A,0528046765
Madrid,Getafe,440999.488322707,4462220.49416158,4023,45,"28,09",SMR HERRER B,0528046660
Madrid,Pinto,440174.478952048,4456612.86879203,4019,45,"1,97",SMR TENE2 BA,0528046701
Madrid,Pinto,440174.478952048,4456612.86879203,4019,45,"20,18",SMR TENE2 BB,0528046593
Madrid,Madrid,435382.703262565,4470999.48068873,4226,45,"19,92",SMR MAQUE A1,0528000207
Madrid,Madrid,440415.274675466,4465615.48800499,4227,45,"38,97",SMR EUST BA1,0528049081
Madrid,Madrid,440415.274675466,4465615.48800499,4227,45,"38,97",SMR EUST BA2,0528049079
Madrid,Madrid,440415.274675466,4465615.48800499,4227,45,"38,97",SMR EUST BA3,0528046424
Madrid,Madrid,436455.451980401,4468530.68838005,3896,15,35,AGUACATE T1 ,0528088439
Madrid,Madrid,436455.451980401,4468530.68838005,3896,15,"24,72",AGUACATE T2 ,0528088470
Madrid,Madrid,436455.451980401,4468530.68838005,3896,15,"25,92",AGUACATE T3 ,0528088471
Madrid,Alcalá de Henares,468127.947250485,4483398.58424786,3637,132,0,ALCALA      132.00,0025004007
Madrid,Alcalá de Henares,468127.947250485,4483398.58424786,3637,20,0,ALCALA T1   ,0528088483
Madrid,Alcalá de Henares,468127.947250485,4483398.58424786,3637,20,0,ALCALA T2   ,0528088622
Madrid,Alcalá de Henares,468127.947250485,4483398.58424786,3637,20,0,ALCALA T3   ,0528088621
Madrid,Alcobendas,444879.564735239,4488883.72405247,3227,20,"33,76",ALCOBE.M T1 ,0528088872
Madrid,Alcobendas,444879.564735239,4488883.72405247,3227,20,"34,86",ALCOBE.M T2 ,0528088873
Madrid,Alcobendas,444879.564735239,4488883.72405247,3227,20,"34,13",ALCOBE.M T3 ,0528088874
Madrid,Algete,453298.2069217,4493722.15598842,3210,66,0,ALGETE,0021031578
Madrid,Algete,453298.2069217,4493722.15598842,3210,20,0,ALGETE T3   ,0528089194
Madrid,Algete,453298.2069217,4493722.15598842,3210,20,0,ALGETE T4   ,0528557228
Madrid,Madrid,439099.758099509,4470901.0312822,3316,15,"34,96",A.LEYV.M T1 ,0528088895
Madrid,Madrid,439099.758099509,4470901.0312822,3316,15,"34,64",A.LEYV.M T2 ,0528088896
Madrid,Madrid,439099.758099509,4470901.0312822,3316,15,"34,91",A.LEYV.M T3 ,0528088897
Madrid,Madrid,431647.773715119,4479639.10696286,3618,20,"25,89",ARAVACA T1  ,0528088158
Madrid,Madrid,431647.773715119,4479639.10696286,3618,20,"34,9",ARAVACA T2  ,0528088157
Madrid,Madrid,431647.773715119,4479639.10696286,3618,20,26,ARAVACA T3  ,0528088598
Madrid,Torrejón de Ardoz,459066.608980309,4477002.71695441,3560,132,0,ARDOZ       132.00,0025004027
Madrid,Torrejón de Ardoz,459066.608980309,4477002.71695441,3560,20,"22,43",ARDOZ.N T5  ,0528088419
Madrid,Torrejón de Ardoz,459066.608980309,4477002.71695441,3560,20,"22,59",ARDOZ.N T6  ,0528088420
Madrid,Torrejón de Ardoz,459066.608980309,4477002.71695441,3560,20,"29,31",ARDOZ.N T7  ,0528088421
Madrid,Madrid,440363.765550679,4471956.58445494,3315,15,"34,99",ARGANZUE T1 ,0528088514
Madrid,Madrid,440363.765550679,4471956.58445494,3315,15,"34,85",ARGANZUE T2 ,0528088516
Madrid,Madrid,440363.765550679,4471956.58445494,3315,15,35,ARGANZUE T3 ,0528088517
Madrid,Madrid,439177.483758896,4475606.12196762,3542,132,"316,78",ARGUELLE    132.00,0021004033
Madrid,Madrid,439177.483758896,4475606.12196762,3542,15,28,ARGUELLE T1 ,0528542415
Madrid,Madrid,439177.483758896,4475606.12196762,3542,15,"27,91",ARGUELLE T2 ,0528542428
Madrid,Madrid,439177.483758896,4475606.12196762,3542,15,28,ARGUELLE T3 ,0528542438
Madrid,Alcobendas,449488.898811282,4487498.09110614,3631,20,"34,81",ARROYO.V T1 ,0528088218
Madrid,Alcobendas,449488.898811282,4487498.09110614,3631,20,"21,7",ARROYO.V T21,0528088522
Madrid,Alcobendas,449488.898811282,4487498.09110614,3631,20,"21,75",ARROYO.V T22,0528088562
Madrid,Alcobendas,449488.898811282,4487498.09110614,3631,20,"29,6",ARROYO.V T4 ,0528088219
Madrid,Madrid,441622.326916054,4475418.54824926,3506,132,"218,67",AYALA       132.00,0021004042
Madrid,Madrid,441622.326916054,4475418.54824926,3506,15,"20,96",AYALA T11   ,0528089428
Madrid,Madrid,441622.326916054,4475418.54824926,3506,15,21,AYALA T12   ,0528089429
Madrid,Madrid,441622.326916054,4475418.54824926,3506,15,21,AYALA T21   ,0528089426
Madrid,Madrid,441622.326916054,4475418.54824926,3506,15,21,AYALA T22   ,0528089427
Madrid,Boadilla del Monte,422880.231882399,4473460.27054717,3897,20,"27,5",BOADILLA T1 ,0528065013
Madrid,Boadilla del Monte,422880.231882399,4473460.27054717,3897,20,"20,51",BOADILLA T2 ,0528066565
Madrid,Getafe,436207.086815893,4462464.34441181,3320,15,"6,58",BUENAVIS T1 ,0528066723
Madrid,Getafe,436207.086815893,4462464.34441181,3320,15,"12,54",BUENAVIS T2 ,0528066725
Madrid,Fuenlabrada,430564.668167847,4460411.60340584,3224,15,"6,88",C.FREGAC T1 ,0528066727
Madrid,Fuenlabrada,430564.668167847,4460411.60340584,3224,15,"0,46",C.FREGAC T2 ,0528066729
Madrid,Fuenlabrada,430564.668167847,4460411.60340584,3224,15,8,C.FREGAC T3 ,0528066731
Madrid,Madrid,443330.004394571,4479135.60498913,3632,132,"179,74",CHAMARTI    132.00,0021004071
Madrid,Madrid,443330.004394571,4479135.60498913,3632,15,"27,92",CHAMARTI T1 ,0528485391
Madrid,Madrid,443330.004394571,4479135.60498913,3632,15,"27,93",CHAMARTI T2 ,0528485392
Madrid,Alcalá de Henares,471012.022823666,4485502.43961124,3110,132,0,CISNEROS 132.00,0025004320
Madrid,Madrid,438169.993956492,4478887.64348177,3306,132,"172,23",C.UNIVER    132.00,0021009055
Madrid,Madrid,438169.993956492,4478887.64348177,3306,15,"27,92",UNIVER.M T1 ,0528088871
Madrid,Madrid,438169.993956492,4478887.64348177,3306,15,"27,86",UNIVER.M T2 ,0528088870
Madrid,Daganzo de Arriba,459441.728034654,4489300.67275646,3214,20,"11,46",DAGANZO T1  ,0528088220
Madrid,Daganzo de Arriba,459441.728034654,4489300.67275646,3214,20,"15,65",DAGANZO T2  ,0528088492
Madrid,Madrid,441579.163523359,4481187.43492998,3270,20,"34,88",DEPORTIV T1 ,0528088442
Madrid,Madrid,441579.163523359,4481187.43492998,3270,20,"34,94",DEPORTIV T2 ,0528088453
Madrid,Madrid,440609.506395034,4480596.52353374,3307,132,"225,37",EL PILAR    132.00,0021004087
Madrid,Madrid,440609.506395034,4480596.52353374,3307,20,"34,86",PILAR.M T1  ,0528088722
Madrid,Madrid,440609.506395034,4480596.52353374,3307,20,"34,91",PILAR.M T2  ,0528088723
Madrid,Madrid,440609.506395034,4480596.52353374,3307,15,"34,95",PILAR.M T3  ,0528088724
Madrid,Madrid,440609.506395034,4480596.52353374,3307,15,35,PILAR.M T4  ,0528088721
Madrid,Las Rozas de Madrid,426603.882522002,4484755.10430267,3893,132,"102,5",R.TEJAR     132.00,0021004181
Madrid,Leganés,433537.42903709,4466495.77661823,3079,45,"68,12",FORTUNA A1    45.000,0021046356
Madrid,Leganés,433537.42903709,4466495.77661823,3079,45,"80,21",FORTUNA B1    45.000,0021046358
Madrid,Leganés,433537.42903709,4466495.77661823,3079,15,35,FORTUNA T3  ,0528066771
Madrid,Madrid,443189.324232368,4485421.83117668,3308,20,"32,96",FUENCA.M T2 ,0528088400
Madrid,Madrid,443189.324232368,4485421.83117668,3308,20,"24,93",FUENCA.M T3 ,0528088401
Madrid,Madrid,443189.324232368,4485421.83117668,3308,20,"34,39",FUENCA.M T4 ,0528088402
Madrid,Madrid,443189.324232368,4485421.83117668,3308,20,"29,56",FUENCA.M T5 ,0528088396
Madrid,Madrid,443189.324232368,4485421.83117668,3308,132,"186,64",FUENCARR    132.00,0021004099
Madrid,Madrid,443189.324232368,4485421.83117668,3308,66,"3,02",FUENCARR    66.000,0048048082
Madrid,Fuenlabrada,433537.164323723,4458752.86184203,3653,15,"9,48",FUENLABR T1 ,0528066773
Madrid,Fuenlabrada,433537.164323723,4458752.86184203,3653,15,"24,48",FUENLABR T2 ,0528066775
Madrid,San Fernando de Henares,457710.819889941,4475462.73404419,3372,132,0,HENARES     132.00,0025004112
Madrid,Madrid,443518.133259894,4474301.10252648,3305,15,"26,25",ESTREL.M T11,0528088711
Madrid,Madrid,443518.133259894,4474301.10252648,3305,15,"26,23",ESTREL.M T12,0528088712
Madrid,Madrid,443518.133259894,4474301.10252648,3305,15,"26,21",ESTREL.M T21,0528088714
Madrid,Madrid,443518.133259894,4474301.10252648,3305,15,"26,25",ESTREL.M T22,0528088713
Madrid,Madrid,443518.133259894,4474301.10252648,3305,15,"26,17",ESTREL.M T31,0528088716
Madrid,Madrid,443518.133259894,4474301.10252648,3305,15,"26,15",ESTREL.M T32,0528088715
Madrid,Madrid,443518.133259894,4474301.10252648,3305,132,"200,78",ESTRELLA    132.00,0021004114
Madrid,Las Rozas de Madrid,424575.132842625,4484285.05032877,3551,132,"101,95",L.ROZAS     132.00,0021004120
Madrid,Las Rozas de Madrid,424575.132842625,4484285.05032877,3551,20,"27,89",ROZAS1 T1   ,0528066892
Madrid,Las Rozas de Madrid,424575.132842625,4484285.05032877,3551,20,"27,77",ROZAS1 T2   ,0528066894
Madrid,Las Rozas de Madrid,424575.132842625,4484285.05032877,3551,20,"27,56",ROZAS1 T3   ,0528066896
Madrid,Leganés,433994.64944783,4462846.03845532,3050,45,"48,92",LEGANES A1   45.000,0021046348
Madrid,Leganés,433994.64944783,4462846.03845532,3050,45,"69,83",LEGANES A2   45.000,0021046347
Madrid,Leganés,433994.64944783,4462846.03845532,3050,45,"35,26",LEGANES B1   45.000,0021046346
Madrid,Leganés,433994.64944783,4462846.03845532,3050,15,"30,5",LEGANES T4  ,0528066798
Madrid,Leganés,433994.64944783,4462846.03845532,3050,15,"16,54",LEGANES T5  ,0528066800
Madrid,Móstoles,424981.397411573,4465970.46651991,3191,45,"22,17",LUCERO A1    45.000,0021046836
Madrid,Móstoles,424981.397411573,4465970.46651991,3191,45,"22,29",LUCERO B1    45.000,0021046835
Madrid,Móstoles,424981.397411573,4465970.46651991,3191,15,"20,84",LUCERO T1   ,0528066806
Madrid,Móstoles,424981.397411573,4465970.46651991,3191,15,"15,89",LUCERO T2   ,0528066808
Madrid,Majadahonda,425052.12235111,4477945.09418202,3558,132,"267,63",MAJADAHO    132.00,0021004129
Madrid,Majadahonda,425052.12235111,4477945.09418202,3558,20,"27,99",MAJADAHO T4 ,0528147444
Madrid,Majadahonda,425052.12235111,4477945.09418202,3558,20,"27,44",MAJADAHO T5 ,0528147443
Madrid,Majadahonda,425052.12235111,4477945.09418202,3558,20,"27,44",MAJADAHO T6 ,0528143003
Madrid,Meco,473418.123242294,4487818.08689516,3508,45,0,MECO,0025048125
Madrid,Meco,473418.123242294,4487818.08689516,3508,132,0,MECO        132.00,0025004132
Madrid,Meco,473418.123242294,4487818.08689516,3508,20,"5,63",MECO T3     ,0528088446
Madrid,Meco,473418.123242294,4487818.08689516,3508,20,0,MECO T4     ,0528089674
Madrid,Madrid,438894.517879246,4473248.83856627,3309,20,35,MELANC.M T1 ,0528088397
Madrid,Madrid,438894.517879246,4473248.83856627,3309,15,"34,88",MELANC.M T2 ,0528088398
Madrid,Madrid,438894.517879246,4473248.83856627,3309,15,"34,88",MELANC.M T3 ,0528088399
Madrid,Madrid,438894.517879246,4473248.83856627,3309,15,"26,2",MELANC.M T41,0528088729
Madrid,Madrid,438894.517879246,4473248.83856627,3309,15,"26,25",MELANC.M T42,0528088728
Madrid,Madrid,438894.517879246,4473248.83856627,3309,45,"70,73",MELANCOL,0021049001
Madrid,Madrid,438894.517879246,4473248.83856627,3309,132,"197,52",MELANCOL    132.00,0021004135
Madrid,Madrid,439209.774507325,4482498.36662607,3310,20,"34,82",MIRASI.M T1 ,0528088392
Madrid,Madrid,439209.774507325,4482498.36662607,3310,20,"34,05",MIRASI.M T2 ,0528088393
Madrid,Madrid,439209.774507325,4482498.36662607,3310,20,"34,54",MIRASI.M T3 ,0528088394
Madrid,Madrid,439209.774507325,4482498.36662607,3310,20,"34,68",MIRASI.M T4 ,0528088395
Madrid,Madrid,439924.768028491,4478089.98135964,3583,132,"332,96",OLITE       132.00,0021004150
Madrid,Madrid,439924.768028491,4478089.98135964,3583,15,"27,89",OLITE T1    ,0528090129
Madrid,Madrid,439924.768028491,4478089.98135964,3583,15,"27,9",OLITE T2    ,0528153285
Madrid,Madrid,439924.768028491,4478089.98135964,3583,15,"27,98",OLITE T3    ,0528153289
Madrid,Madrid,440568.195013988,4475813.59890213,3452,15,"34,91",PALAFOX T1  ,0528088223
Madrid,Madrid,440568.195013988,4475813.59890213,3452,15,"34,96",PALAFOX T2  ,0528088224
Madrid,Madrid,440568.195013988,4475813.59890213,3452,15,"34,98",PALAFOX T3  ,0528088531
Madrid,Madrid,440357.588508339,4466870.49193191,3311,15,"16,69",PQINGENI T1 ,0528088836
Madrid,Madrid,440357.588508339,4466870.49193191,3311,15,"25,96",PQINGENI T2 ,0528088837
Madrid,Pinto,437066.808399173,4456162.54076573,3192,45,0,PINTO A1     45.000,0021046256
Madrid,Pinto,437066.808399173,4456162.54076573,3192,45,"6,17",PINTO B1     45.000,0021046907
Madrid,Pinto,437066.808399173,4456162.54076573,3192,15,"10,64",PINTO T4    ,0528066864
Madrid,Madrid,439268.170309157,4475105.28414176,3781,132,"190,74",P.ESPAÑA    132.00,0021004034
Madrid,Madrid,439268.170309157,4475105.28414176,3781,15,28,PLAZAESP T1 ,0528704391
Madrid,Madrid,439268.170309157,4475105.28414176,3781,15,28,PLAZAESP T2 ,0528704395
Madrid,Madrid,435273.919200691,4470128.75284089,3312,45,"9,37",PLGNO C A1,0021030705
Madrid,Madrid,435273.919200691,4470128.75284089,3312,45,"9,04",PLGNO C B1,0021030706
Madrid,Madrid,435273.919200691,4470128.75284089,3312,15,26,POLIGONC T4 ,0528088900
Madrid,Madrid,435273.919200691,4470128.75284089,3312,15,"25,94",POLIGONC T5 ,0528088901
Madrid,Pozuelo de Alarcón,430122.413604479,4473724.51868511,3546,132,"117,07",POZUELO     132.00,0021004171
Madrid,Pozuelo de Alarcón,430122.413604479,4473724.51868511,3546,20,"24,91",POZUELO T1  ,0528204256
Madrid,Pozuelo de Alarcón,430122.413604479,4473724.51868511,3546,20,"27,59",POZUELO T2  ,0528466199
Madrid,Pozuelo de Alarcón,430122.413604479,4473724.51868511,3546,20,"27,91",POZUELO T4  ,0528153318
Madrid,Alcorcón,428753.074044877,4464243.07093562,3298,15,"34,94",PSDOMING T1 ,0528066881
Madrid,Alcorcón,428753.074044877,4464243.07093562,3298,15,"18,96",PSDOMING T2 ,0528066883
Madrid,Alcorcón,428753.074044877,4464243.07093562,3298,45,"71,47",PSTODOMI,0021046938
Madrid,Madrid,438590.172808826,4465177.29462662,3029,45,"77,93",RETAMAR A1  45.000,0021049061
Madrid,Madrid,438590.172808826,4465177.29462662,3029,45,"83,66",RETAMAR B1  45.000,0021049064
Madrid,Madrid,438590.172808826,4465177.29462662,3029,45,"106,6",RETAMAR F1     45.000,0021049060
Madrid,Madrid,438590.172808826,4465177.29462662,3029,15,35,RETAMAR T10 ,0528088171
Madrid,Madrid,438590.172808826,4465177.29462662,3029,15,"29,36",RETAMAR T8  ,0528088172
Madrid,Madrid,438590.172808826,4465177.29462662,3029,15,"21,07",RETAMAR T9  ,0528088173
Madrid,Madrid,441026.546008023,4479149.59350718,3525,132,"173,26",S.FELIPE    132.00,0021004186
Madrid,Madrid,441026.546008023,4479149.59350718,3525,15,"27,09",S.FELIPE T1 ,0528453611
Madrid,Madrid,441026.546008023,4479149.59350718,3525,15,"27,93",S.FELIPE T2 ,0528454409
Madrid,Madrid,441026.546008023,4479149.59350718,3525,15,28,S.FELIPE T3 ,0528153343
Madrid,San Fernando de Henares,457093.368185782,4476647.70256994,3812,132,0,S.FERNANDO 132.00,0025004218
Madrid,Madrid,444018.300981321,4482416.93749888,3541,20,"34,72",SANCHINA T1 ,0528088167
Madrid,Madrid,444018.300981321,4482416.93749888,3541,20,"34,81",SANCHINA T2 ,0528088168
Madrid,Madrid,444018.300981321,4482416.93749888,3541,20,"26,25",SANCHINA T31,0528088512
Madrid,Madrid,444018.300981321,4482416.93749888,3541,20,"26,25",SANCHINA T32,0528088513
Madrid,Alcalá de Henares,466670.322236602,4482477.81931838,3160,20,0,T.MILETO T1 ,0528215047
Madrid,Alcalá de Henares,466670.322236602,4482477.81931838,3160,20,0,T.MILETO T2 ,0528215049
Madrid,Alcalá de Henares,466670.322236602,4482477.81931838,3160,132,0,TALMILET    132.00,0025004904
Madrid,Torrejón de Ardoz,463554.42374895,4481068.09122126,3856,132,"3,19",TOROTE      132.00,0025004203
Madrid,Torrejón de Ardoz,463554.42374895,4481068.09122126,3856,20,"3,19",TOROTE T1   ,0528088180
Madrid,Torrejón de Ardoz,463554.42374895,4481068.09122126,3856,20,"3,19",TOROTE T2   ,0528088214
Madrid,Torrejón de Ardoz,463554.42374895,4481068.09122126,3856,20,"3,19",TOROTE T3   ,0528088964
Madrid,Tres Cantos,440328.143811427,4496480.25990161,3570,20,"17,22",T.CANTOS T3 ,0528089272
Madrid,Tres Cantos,440328.143811427,4496480.25990161,3570,20,"17,22",T.CANTOS T4 ,0528089273
Madrid,Tres Cantos,440328.143811427,4496480.25990161,3570,20,"22,4",T.CANTOS T7 ,0528088834
Madrid,Tres Cantos,440328.143811427,4496480.25990161,3570,20,"25,71",T.CANTOS T8 ,0528088835
Madrid,Tres Cantos,440328.143811427,4496480.25990161,3570,66,"17,22",TCANTOS A1   66.000,0048048001
Madrid,Tres Cantos,440328.143811427,4496480.25990161,3570,66,"3,57",TCANTOS B1   66.000,0048048002
Madrid,Majadahonda,424214.194616643,4482283.58355562,3356,20,"3,26",V.ARCIPR T1 ,0528066908
Madrid,Majadahonda,424214.194616643,4482283.58355562,3356,20,"12,41",V.ARCIPR T2 ,0528066910
Madrid,Madrid,435424.976548022,4472523.60980053,3313,20,"34,93",VENTAS.M T1 ,0528088403
Madrid,Madrid,435424.976548022,4472523.60980053,3313,20,"34,84",VENTAS.M T2 ,0528088404
Madrid,Madrid,435424.976548022,4472523.60980053,3313,15,"30,54",VENTAS.M T3 ,0528088692
Madrid,Madrid,435424.976548022,4472523.60980053,3313,15,"30,5",VENTAS.M T4 ,0528088693
Madrid,Madrid,443208.895016681,4466116.47934431,3314,132,"98,01",VILLAVDE    132.00,0021004222
Madrid,Madrid,443208.895016681,4466116.47934431,3314,45,"73,42",VILLAVERDE A1  45.000,0021049030
Madrid,Villaviciosa de Odón,423277.946613676,4466937.82085303,3169,15,0,VILLAVIC T1 ,0528475337
Madrid,Villaviciosa de Odón,423277.946613676,4466937.82085303,3169,15,0,VILLAVIC T2 ,0528466274
Madrid,Móstoles,425561.758160703,4462164.14146695,4905,45,"14,64",PIARROYO T1 ,0528066851
Madrid,Móstoles,425561.758160703,4462164.14146695,4905,15,0,PIARROYO T1 ,0528066852
Madrid,Móstoles,425561.758160703,4462164.14146695,4905,45,"14,52",PIARROYO T2 ,0528066853
Madrid,Móstoles,425561.758160703,4462164.14146695,4905,15,"13,61",PIARROYO T2,0528066854
Madrid,Tres Cantos,441197.5663804,4496029.89952419,4145,66,0,BBVA        66.000,0048048003
Madrid,Madrid,436639.489686202,4470529.61970909,5310,45,0,B.AIRE.M T1 ,0528150356
Madrid,Madrid,436639.489686202,4470529.61970909,5310,15,0,B.AIRE.M T1 ,0528088408
Madrid,Madrid,436639.489686202,4470529.61970909,5310,15,0,B.AIRE.M T2 ,0528088409
Madrid,Madrid,436639.489686202,4470529.61970909,5310,45,"28,14",B.AIRE.M T2 ,0528150357
Madrid,Getafe,441111.883467871,4461739.9821035,4918,45,0,CEANGELE T1 ,0528066740
Madrid,Getafe,441111.883467871,4461739.9821035,4918,15,0,CEANGELE T1 ,0528066741
Madrid,Getafe,436416.95837943,4461940.71113823,4916,15,0,CEBUENAV T1 ,0528066743
Madrid,Getafe,436416.95837943,4461940.71113823,4916,15,0,CEBUENAV T2 ,0528066745
Madrid,Getafe,436814.153434921,4462570.44144958,4912,45,"20,38",CESTUDIA T1 ,0528066750
Madrid,Getafe,436814.153434921,4462570.44144958,4912,15,"2,85",CESTUDIA T1 ,0528066751
Madrid,Getafe,436814.153434921,4462570.44144958,4912,45,"27,86",CESTUDIA T2 ,0528066752
Madrid,Getafe,436814.153434921,4462570.44144958,4912,15,7,CESTUDIA T2 ,0528066753
Madrid,Leganés,438517.274419228,4466276.49728898,4910,45,"19,92",CATOLEDO T1 ,0528066736
Madrid,Leganés,438517.274419228,4466276.49728898,4910,15,"5,41",CATOLEDO T1 ,0528066737
Madrid,Leganés,438517.274419228,4466276.49728898,4910,45,"23,64",CATOLEDO T2 ,0528066738
Madrid,Leganés,438517.274419228,4466276.49728898,4910,15,"3,9",CATOLEDO T2 ,0528066739
Madrid,Leganés,437224.948117092,4465767.33863618,4882,45,"24,44",CARRASCA T1 ,0528066732
Madrid,Leganés,437224.948117092,4465767.33863618,4882,15,"3,46",CARRASCA T1 ,0528066733
Madrid,Leganés,437224.948117092,4465767.33863618,4882,45,"28,14",CARRASCA T2 ,0528066734
Madrid,Leganés,437224.948117092,4465767.33863618,4882,15,7,CARRASCA T2 ,0528066735
Madrid,Getafe,440170.736615138,4458447.06185283,5109,45,"20,18",JUNCAL T1   ,0528066793
Madrid,Getafe,440170.736615138,4458447.06185283,5109,15,"9,39",JUNCAL T1   ,0528066794
Madrid,Getafe,440170.736615138,4458447.06185283,5109,45,"1,97",JUNCAL T2   ,0528066795
Madrid,Getafe,440170.736615138,4458447.06185283,5109,15,"1,97",JUNCAL T2   ,0528066796
Madrid,Fuenlabrada,428584.343113055,4460355.25550722,5111,45,"19,6",ELMAZO T1   ,0528066756
Madrid,Fuenlabrada,428584.343113055,4460355.25550722,5111,15,7,ELMAZO T1   ,0528066757
Madrid,Fuenlabrada,428584.343113055,4460355.25550722,5111,45,0,ELMAZO T2   ,0528066758
Madrid,Fuenlabrada,428584.343113055,4460355.25550722,5111,15,0,ELMAZO T2   ,0528066759
Madrid,Madrid,440367.427818842,4472786.2758545,4035,15,14,EMBAJADO T2 ,0528088923
Madrid,Madrid,440367.427818842,4472786.2758545,4035,45,"38,93",EMBAJADO T2 ,0528150369
Madrid,Madrid,440367.427818842,4472786.2758545,4035,15,14,EMBAJADO T3 ,0528090283
Madrid,Parla,435198.6335686,4453914.10751895,4925,45,"1,01",FELIPE2 T1  ,0528066768
Madrid,Parla,435198.6335686,4453914.10751895,4925,15,"1,01",FELIPE2 T1  ,0528141676
Madrid,Parla,435198.6335686,4453914.10751895,4925,45,0,FELIPE2 T2  ,0528066769
Madrid,Parla,435198.6335686,4453914.10751895,4925,15,0,FELIPE2 T2  ,0528141650
Madrid,Getafe,439355.85109724,4462689.98003732,4913,45,0,JUCIERVA T1 ,0528066790
Madrid,Getafe,439355.85109724,4462689.98003732,4913,15,0,JUCIERVA T1 ,0528141681
Madrid,Getafe,439355.85109724,4462689.98003732,4913,45,0,JUCIERVA T2 ,0528066791
Madrid,Getafe,439355.85109724,4462689.98003732,4913,15,0,JUCIERVA T2 ,0528141680
Madrid,Getafe,439355.85109724,4462689.98003732,4913,15,0,JUCIERVA T3 ,0528141682
Madrid,Móstoles,424676.344941987,4462561.68948561,4903,45,"12,51",ANTUSANA T1 ,0528065002
Madrid,Móstoles,424676.344941987,4462561.68948561,4903,15,"8,38",ANTUSANA T1 ,0528065003
Madrid,Móstoles,424676.344941987,4462561.68948561,4903,45,"7,17",ANTUSANA T2 ,0528065004
Madrid,Móstoles,424676.344941987,4462561.68948561,4903,15,0,ANTUSANA T2 ,0528065005
Madrid,Alcorcón,428638.41862111,4467273.30593151,5114,45,"20,34",PERATA T1   ,0528066839
Madrid,Alcorcón,428638.41862111,4467273.30593151,5114,15,"13,84",PERATA T1   ,0528066840
Madrid,Alcorcón,428638.41862111,4467273.30593151,5114,45,"14,52",PERATA T2   ,0528066841
Madrid,Alcorcón,428638.41862111,4467273.30593151,5114,15,"10,96",PERATA T2   ,0528066842
Madrid,Alcorcón,428638.41862111,4467273.30593151,5114,20,"2,72",PERATA T3   ,0528066844
Madrid,Móstoles,428007.387698357,4463629.5149384,4907,15,"6,98",REGUERA T1  ,0528066886
Madrid,Móstoles,428007.387698357,4463629.5149384,4907,45,"16,68",REGUERA T1  ,0528215633
Madrid,Móstoles,428007.387698357,4463629.5149384,4907,15,0,REGUERA T2  ,0528066888
Madrid,Móstoles,428007.387698357,4463629.5149384,4907,45,0,REGUERA T2  ,0528215632
Madrid,Fuenlabrada,432035.719047539,4461129.21063428,4899,45,"23,1",SERNA T1    ,0528066901
Madrid,Fuenlabrada,432035.719047539,4461129.21063428,4899,15,7,SERNA T1    ,0528066902
Madrid,Fuenlabrada,432035.719047539,4461129.21063428,4899,45,"19,91",SERNA T2    ,0528066903
Madrid,Fuenlabrada,432035.719047539,4461129.21063428,4899,15,"3,81",SERNA T2    ,0528066904
Madrid,Alcorcón,430001.177175882,4467252.39587446,4936,45,"20,49",LISBOA T1   ,0528066801
Madrid,Alcorcón,430001.177175882,4467252.39587446,4936,15,"6,99",LISBOA T1   ,0528066802
Madrid,Alcorcón,430001.177175882,4467252.39587446,4936,45,"14,52",LISBOA T2   ,0528066803
Madrid,Alcorcón,430001.177175882,4467252.39587446,4936,15,"6,94",LISBOA T2   ,0528066804
Madrid,Alcorcón,430645.237184316,4464906.82775728,4934,45,"28,14",ESCOLARE T1 ,0528066760
Madrid,Alcorcón,430645.237184316,4464906.82775728,4934,15,7,ESCOLARE T1 ,0528066761
Madrid,Alcorcón,430645.237184316,4464906.82775728,4934,45,"18,99",ESCOLARE T2 ,0528066762
Madrid,Alcorcón,430645.237184316,4464906.82775728,4934,15,0,ESCOLARE T2 ,0528066763
Madrid,Móstoles,426389.898028506,4463462.39347227,4906,45,"14,29",MOSTOLES T1 ,0528066822
Madrid,Móstoles,426389.898028506,4463462.39347227,4906,15,"14,29",MOSTOLES T1 ,0528146087
Madrid,Móstoles,426389.898028506,4463462.39347227,4906,45,"14,52",MOSTOLES T2 ,0528066823
Madrid,Móstoles,426389.898028506,4463462.39347227,4906,15,7,MOSTOLES T2 ,0528066824
Madrid,Madrid,440595.467292494,4467827.82248794,4228,15,"17,5",OLVIDO T1   ,0528151916
Madrid,Madrid,440595.467292494,4467827.82248794,4228,45,"38,97",OLVIDO T1   ,0528151934
Madrid,Alcorcón,431814.277176895,4465807.79547899,4885,45,"23,65",PIALCOR1 T1 ,0528066847
Madrid,Alcorcón,431814.277176895,4465807.79547899,4885,15,"8,1",PIALCOR1 T1 ,0528066848
Madrid,Alcorcón,431814.277176895,4465807.79547899,4885,45,"18,99",PIALCOR1 T2 ,0528066849
Madrid,Alcorcón,431814.277176895,4465807.79547899,4885,15,"6,85",PIALCOR1 T2 ,0528066850
Madrid,Leganés,435677.501145201,4463977.19369517,4881,45,"25,37",PILEGANE T1 ,0528066859
Madrid,Leganés,435677.501145201,4463977.19369517,4881,15,"6,02",PILEGANE T1 ,0528066860
Madrid,Leganés,435677.501145201,4463977.19369517,4881,45,"28,01",PILEGANE T2 ,0528066861
Madrid,Leganés,435677.501145201,4463977.19369517,4881,15,"17,41",PILEGANE T2 ,0528066862
Madrid,Pinto,439680.065314724,4456079.84152024,4924,45,0,PIPINTO T1  ,0528066867
Madrid,Pinto,439680.065314724,4456079.84152024,4924,15,0,PIPINTO T1  ,0528066868
Madrid,Pinto,439680.065314724,4456079.84152024,4924,45,0,PIPINTO T2  ,0528066869
Madrid,Pinto,439680.065314724,4456079.84152024,4924,15,0,PIPINTO T2  ,0528066870
Madrid,Pinto,438811.547215328,4455217.29641216,4923,45,0,PINTOSTR T1 ,0528066865
Madrid,Pinto,438811.547215328,4455217.29641216,4923,15,0,PINTOSTR T1 ,0528066866
Madrid,Madrid,434929.408189071,4468693.44239448,4888,15,"7,1",PIQUENAS T1 ,0528088163
Madrid,Madrid,434929.408189071,4468693.44239448,4888,45,"7,1",PIQUENAS T1 ,0528150423
Madrid,Madrid,434929.408189071,4468693.44239448,4888,15,"4,4",PIQUENAS T2 ,0528088164
Madrid,Madrid,434929.408189071,4468693.44239448,4888,45,"4,4",PIQUENAS T2,0528150424
Madrid,Móstoles,427691.833840059,4464461.76189418,4908,45,"22,29",PESTORIL T1 ,0528066845
Madrid,Móstoles,427691.833840059,4464461.76189418,4908,15,"17,5",PESTORIL T1 ,0528143483
Madrid,Móstoles,427691.833840059,4464461.76189418,4908,45,0,PESTORIL T2 ,0528066846
Madrid,Móstoles,427691.833840059,4464461.76189418,4908,15,0,PESTORIL T2 ,0528141673
Madrid,Leganés,433971.708888914,4464204.40480817,4880,45,"28,14",PRAPOZUE T1 ,0528066876
Madrid,Leganés,433971.708888914,4464204.40480817,4880,45,"28,14",PRAPOZUE T2 ,0528066878
Madrid,San Agustín del Guadalix,447876.415247752,4502269.80892774,4091,20,"4,48",S.AGUSTI T1 ,0528088178
Madrid,San Agustín del Guadalix,447876.415247752,4502269.80892774,4091,20,"2,76",S.AGUSTI T2 ,0528088177
Madrid,San Agustín del Guadalix,447876.415247752,4502269.80892774,4091,20,"4,48",S.AGUSTI T3 ,0528088445
Madrid,San Agustín del Guadalix,447876.415247752,4502269.80892774,4091,66,"4,48",S.AGUSTIN A    66.000,0021030602
Madrid,San Agustín del Guadalix,447876.415247752,4502269.80892774,4091,66,"17,65",S.AGUSTIN B 66.000,0021048021
Madrid,Getafe,440327.738185634,4460845.49666003,4919,45,"6,17",SAMARCOS T1 ,0528066897
Madrid,Getafe,440327.738185634,4460845.49666003,4919,15,"6,17",SAMARCOS T1 ,0528066898
Madrid,Getafe,440327.738185634,4460845.49666003,4919,45,"1,97",SAMARCOS T2 ,0528066899
Madrid,Getafe,440327.738185634,4460845.49666003,4919,15,"1,97",SAMARCOS T2 ,0528770487
Madrid,Fuenlabrada,434697.32986531,4457128.99436568,4922,45,"1,01",TAJAPIES T1 ,0528066905
Madrid,Fuenlabrada,434697.32986531,4457128.99436568,4922,15,"1,01",TAJAPIES T1 ,0528148158
Madrid,Fuenlabrada,434697.32986531,4457128.99436568,4922,45,0,TAJAPIES T2 ,0528066906
Madrid,Fuenlabrada,434697.32986531,4457128.99436568,4922,15,0,TAJAPIES T2 ,0528148159
Madrid,Alcorcón,431727.301451691,4466149.5477466,4887,45,"23,65",VALDERA1 T1 ,0528066915
Madrid,Alcorcón,431727.301451691,4466149.5477466,4887,15,"4,56",VALDERA1 T1 ,0528776712
Madrid,Alcorcón,431727.301451691,4466149.5477466,4887,45,"18,99",VALDERA1 T2 ,0528066917
Madrid,Alcorcón,431727.301451691,4466149.5477466,4887,15,"8,75",VALDERA1 T2 ,0528776711
Madrid,Alcorcón,431717.298454371,4467772.99597571,4890,45,"7,1",VALDERA2 T1 ,0528066919
Madrid,Alcorcón,431717.298454371,4467772.99597571,4890,15,"6,91",VALDERA2 T1 ,0528066920
Madrid,Alcorcón,431717.298454371,4467772.99597571,4890,45,"4,4",VALDERA2 T2 ,0528066921
Madrid,Alcorcón,431717.298454371,4467772.99597571,4890,15,"4,4",VALDERA2 T2 ,0528066922
Madrid,Getafe,435681.057885166,4459985.79694381,4920,45,"20,38",VALDRREJ T1 ,0528066923
Madrid,Getafe,435681.057885166,4459985.79694381,4920,15,"3,39",VALDRREJ T1 ,0528141669
Madrid,Getafe,435681.057885166,4459985.79694381,4920,45,"27,86",VALDRREJ T2 ,0528066924
Madrid,Getafe,435681.057885166,4459985.79694381,4920,15,"6,72",VALDRREJ T2 ,0528141670
Madrid,San Sebastián de los Reyes,451340.757694694,4491932.44404493,4125,66,0,VENTEROS A1    66.000,0021030652
Madrid,San Sebastián de los Reyes,451340.757694694,4491932.44404493,4125,66,0,VENTEROS A2    66.000,0021031650
Madrid,San Sebastián de los Reyes,451340.757694694,4491932.44404493,4125,20,0,VENTEROS T1 ,0528089617
Madrid,San Sebastián de los Reyes,451340.757694694,4491932.44404493,4125,20,0,VENTEROS T2 ,0528089618
Madrid,Fuenlabrada,436314.419984774,4456982.48599694,4921,45,0,VIENCINA T1 ,0528066925
Madrid,Fuenlabrada,436314.419984774,4456982.48599694,4921,15,0,VIENCINA T1 ,0528066926
Madrid,Fuenlabrada,436314.419984774,4456982.48599694,4921,45,"8,49",VIENCINA T2 ,0528066927
Madrid,Fuenlabrada,436314.419984774,4456982.48599694,4921,15,"1,81",VIENCINA T2 ,0528066928
Madrid,Leganés,435863.710412446,4465770.96821565,4884,45,"24,44",ZARZAQUE T1 ,0528066949
Madrid,Leganés,435863.710412446,4465770.96821565,4884,15,"8,31",ZARZAQUE T1 ,0528066950
Madrid,Leganés,435863.710412446,4465770.96821565,4884,45,"28,1",ZARZAQUE T2 ,0528066951
Madrid,Leganés,435863.710412446,4465770.96821565,4884,15,"17,5",ZARZAQUE T2 ,0528066952
Madrid,Leganés,435863.710412446,4465770.96821565,4884,45,"24,44",ZARZAQUE T3 ,0528066953
Madrid,Leganés,435863.710412446,4465770.96821565,4884,15,"6,97",ZARZAQUE T3 ,0528066954
Madrid,Leganés,435863.710412446,4465770.96821565,4884,45,"28,1",ZARZAQUE T4 ,0528066955
Madrid,Leganés,435863.710412446,4465770.96821565,4884,15,7,ZARZAQUE T4 ,0528066956
